//Maya ASCII 2027 scene
//Name: VaseTest_V002.ma
//Last modified: Wed, Sep 23, 2026 10:25:23 PM
//Codeset: 1252
requires maya "2027";
requires "stereoCamera" "10.0";
requires "mtoa" "5.6.1.1";
currentUnit -l centimeter -a degree -t film;
fileInfo "application" "maya";
fileInfo "product" "Maya 2027";
fileInfo "version" "2027";
fileInfo "cutIdentifier" "202604221258-70da84b25e";
fileInfo "osv" "Windows 11 Home v2009 (Build: 26200)";
fileInfo "UUID" "805E83A1-4ECB-9D5E-A06C-89AF18DBC988";
fileInfo "exportedFrom" "C:/GitHub/Essentials/DAGV1100and1200/Maya/scenes/Vase_Test.ma";
createNode transform -s -n "persp";
	rename -uid "42886604-43BE-3DEA-9FC5-C09D9B52F3FC";
	setAttr ".v" no;
	setAttr ".t" -type "double3" 41.686789954731474 53.281013737276545 3.8013527562153557 ;
	setAttr ".r" -type "double3" -39.938352731773662 -276.19999999988607 -2.9449756072427765e-14 ;
createNode camera -s -n "perspShape" -p "persp";
	rename -uid "EB728195-4E79-C457-8916-C7B8563ED255";
	setAttr -k off ".v" no;
	setAttr ".fl" 34.999999999999993;
	setAttr ".coi" 60.393703454803017;
	setAttr ".imn" -type "string" "persp";
	setAttr ".den" -type "string" "persp_depth";
	setAttr ".man" -type "string" "persp_mask";
	setAttr ".hc" -type "string" "viewSet -p %camera";
createNode transform -s -n "top";
	rename -uid "D122CE3B-43AF-F3F0-AF23-17AA720A5671";
	setAttr ".v" no;
	setAttr ".t" -type "double3" 0 1000.1 0 ;
	setAttr ".r" -type "double3" -90 0 0 ;
createNode camera -s -n "topShape" -p "top";
	rename -uid "5F642499-43DA-193C-7BA3-59B2B665FDE0";
	setAttr -k off ".v" no;
	setAttr ".rnd" no;
	setAttr ".coi" 1000.1;
	setAttr ".ow" 30;
	setAttr ".imn" -type "string" "top";
	setAttr ".den" -type "string" "top_depth";
	setAttr ".man" -type "string" "top_mask";
	setAttr ".hc" -type "string" "viewSet -t %camera";
	setAttr ".o" yes;
	setAttr ".ai_translator" -type "string" "orthographic";
createNode transform -s -n "front";
	rename -uid "D00B6E5F-4223-2E97-7F9B-8E9081D1D445";
	setAttr ".v" no;
	setAttr ".t" -type "double3" 0 0 1000.1 ;
createNode camera -s -n "frontShape" -p "front";
	rename -uid "7386B1AD-496A-67F8-9CCD-A7B381A76770";
	setAttr -k off ".v" no;
	setAttr ".rnd" no;
	setAttr ".coi" 1000.1;
	setAttr ".ow" 30;
	setAttr ".imn" -type "string" "front";
	setAttr ".den" -type "string" "front_depth";
	setAttr ".man" -type "string" "front_mask";
	setAttr ".hc" -type "string" "viewSet -f %camera";
	setAttr ".o" yes;
	setAttr ".ai_translator" -type "string" "orthographic";
createNode transform -s -n "side";
	rename -uid "C54C2999-4C57-DAC2-ECEC-59B399368DC6";
	setAttr ".t" -type "double3" 1000.1 22.362390738214756 11.619725081847616 ;
	setAttr ".r" -type "double3" 0 90 0 ;
createNode camera -s -n "sideShape" -p "side";
	rename -uid "9C44423B-4984-F104-CAD4-189581D8A2FE";
	setAttr -k off ".v";
	setAttr ".rnd" no;
	setAttr ".coi" 1000.1;
	setAttr ".ow" 34.759095867003808;
	setAttr ".imn" -type "string" "side";
	setAttr ".den" -type "string" "side_depth";
	setAttr ".man" -type "string" "side_mask";
	setAttr ".hc" -type "string" "viewSet -s %camera";
	setAttr ".o" yes;
	setAttr ".ai_translator" -type "string" "orthographic";
createNode transform -n "revolvedSurface1";
	rename -uid "DC9E87FE-49AE-5DE3-6430-159ED1F163EB";
	setAttr ".t" -type "double3" 0 0 -6.3340954672542722 ;
createNode nurbsSurface -n "revolvedSurfaceShape1" -p "revolvedSurface1";
	rename -uid "1AB03E40-4A7F-3A29-5CB1-2A9CC1AB8ADF";
	setAttr -k off ".v";
	setAttr ".vir" yes;
	setAttr ".vif" yes;
	setAttr ".covm[0]"  0 1 1;
	setAttr ".cdvm[0]"  0 1 1;
	setAttr ".dvu" 0;
	setAttr ".dvv" 0;
	setAttr ".cpr" 4;
	setAttr ".cps" 4;
	setAttr ".cc" -type "nurbsSurface" 
		3 3 0 2 no 
		28 0 0 0 1 2 3 4 5 6 7 8 9 10 11 12 13 14 15 16 17 18 19 20 21 22 23 23 23
		
		13 -2 -1 0 1 2 3 4 5 6 7 8 9 10
		
		286
		-0.00033139002641040401 0.27700329850201655 -0.00033139002641040407
		-2.8696920034612936e-20 0.27700329850201655 -0.00046865626978477137
		0.00033139002641040401 0.27700329850201655 -0.00033139002641040401
		0.00046865626978477158 0.27700329850201655 -2.4295223784138089e-20
		0.00033139002641040401 0.27700329850201655 0.00033139002641040401
		4.6945619073039958e-20 0.27700329850201655 0.00046865626978477169
		-0.00033139002641040401 0.27700329850201655 0.00033139002641040401
		-0.00046865626978477158 0.27700329850201655 6.3910490038411791e-20
		-0.00033139002641040401 0.27700329850201655 -0.00033139002641040407
		-2.8696920034612936e-20 0.27700329850201655 -0.00046865626978477137
		0.00033139002641040401 0.27700329850201655 -0.00033139002641040401
		1.0052512784459919 0.14518339263178959 1.0052512784459922
		8.7050343260877856e-17 0.14518339263178959 1.4216399915712139
		-1.0052512784459919 0.14518339263178959 1.0052512784459917
		-1.4216399915712143 0.14518339263178959 7.3698068205861753e-17
		-1.0052512784459919 0.14518339263178959 -1.0052512784459919
		-1.4240665025979901e-16 0.14518339263178959 -1.4216399915712148
		1.0052512784459919 0.14518339263178959 -1.0052512784459917
		1.4216399915712143 0.14518339263178959 -1.9386854370100703e-16
		1.0052512784459919 0.14518339263178959 1.0052512784459922
		8.7050343260877856e-17 0.14518339263178959 1.4216399915712139
		-1.0052512784459919 0.14518339263178959 1.0052512784459917
		3.0164166153907805 -0.1184564191085542 3.016416615390781
		2.6120842362270141e-16 -0.1184564191085542 4.2658572872531888
		-3.0164166153907805 -0.1184564191085542 3.0164166153907801
		-4.2658572872531906 -0.1184564191085542 2.2114279506515236e-16
		-3.0164166153907805 -0.1184564191085542 -3.0164166153907805
		-4.2731384201754084e-16 -0.1184564191085542 -4.2658572872531915
		3.0164166153907805 -0.1184564191085542 -3.0164166153907801
		4.2658572872531906 -0.1184564191085542 -5.8173345208309486e-16
		3.0164166153907805 -0.1184564191085542 3.016416615390781
		2.6120842362270141e-16 -0.1184564191085542 4.2658572872531888
		-3.0164166153907805 -0.1184564191085542 3.0164166153907801
		2.2646472121890531 0.72985234895691065 2.2646472121890535
		1.9610849686319361e-16 0.72985234895691065 3.2026948014681782
		-2.2646472121890531 0.72985234895691065 2.2646472121890526
		-3.2026948014681795 0.72985234895691065 1.6602826406163119e-16
		-2.2646472121890531 0.72985234895691065 -2.2646472121890531
		-3.208161286863382e-16 0.72985234895691065 -3.20269480146818
		2.2646472121890531 0.72985234895691065 -2.2646472121890526
		3.2026948014681795 0.72985234895691065 -4.3675035927569349e-16
		2.2646472121890531 0.72985234895691065 2.2646472121890535
		1.9610849686319361e-16 0.72985234895691065 3.2026948014681782
		-2.2646472121890531 0.72985234895691065 2.2646472121890526
		1.9895699554515329 1.2319454296732246 1.9895699554515331
		1.7228801522274348e-16 1.2319454296732246 2.8136768142895914
		-1.9895699554515329 1.2319454296732246 1.9895699554515327
		-2.8136768142895927 1.2319454296732246 1.4586150291086459e-16
		-1.9895699554515329 1.2319454296732246 -1.9895699554515329
		-2.8184793084907516e-16 1.2319454296732246 -2.8136768142895932
		1.9895699554515329 1.2319454296732246 -1.9895699554515327
		2.8136768142895927 1.2319454296732246 -3.8370011371777531e-16
		1.9895699554515329 1.2319454296732246 1.9895699554515331
		1.7228801522274348e-16 1.2319454296732246 2.8136768142895914
		-1.9895699554515329 1.2319454296732246 1.9895699554515327
		1.8068624339077302 2.5525266637696316 1.8068624339077304
		1.5646634674268022e-16 2.5525266637696316 2.555289359374771
		-1.8068624339077302 2.5525266637696316 1.8068624339077299
		-2.5552893593747723 2.5525266637696316 1.3246665162027499e-16
		-1.8068624339077302 2.5525266637696316 -1.8068624339077302
		-2.559650827709855e-16 2.5525266637696316 -2.5552893593747728
		1.8068624339077302 2.5525266637696316 -1.8068624339077299
		2.5552893593747723 2.5525266637696316 -3.4846390772192243e-16
		1.8068624339077302 2.5525266637696316 1.8068624339077304
		1.5646634674268022e-16 2.5525266637696316 2.555289359374771
		-1.8068624339077302 2.5525266637696316 1.8068624339077299
		1.9280802338220913 4.8968353288142961 1.9280802338220917
		1.6696327553861853e-16 4.8968353288142961 2.7267172160146891
		-1.9280802338220913 4.8968353288142961 1.928080233822091
		-2.72671721601469 4.8968353288142961 1.4135350198037932e-16
		-1.9280802338220913 4.8968353288142961 -1.9280802338220913
		-2.7313712841548566e-16 4.8968353288142961 -2.7267172160146909
		1.9280802338220913 4.8968353288142961 -1.928080233822091
		2.72671721601469 4.8968353288142961 -3.718414640045329e-16
		1.9280802338220913 4.8968353288142961 1.9280802338220917
		1.6696327553861853e-16 4.8968353288142961 2.7267172160146891
		-1.9280802338220913 4.8968353288142961 1.928080233822091
		1.8913234204369274 5.7147155666935188 1.8913234204369276
		1.6378029702273848e-16 5.7147155666935188 2.6747352320157733
		-1.8913234204369274 5.7147155666935188 1.8913234204369271
		-2.6747352320157742 5.7147155666935188 1.3865874675054501e-16
		-1.8913234204369274 5.7147155666935188 -1.8913234204369274
		-2.6793005752620757e-16 5.7147155666935188 -2.6747352320157747
		1.8913234204369274 5.7147155666935188 -1.8913234204369271
		2.6747352320157742 5.7147155666935188 -3.647526992002867e-16
		1.8913234204369274 5.7147155666935188 1.8913234204369276
		1.6378029702273848e-16 5.7147155666935188 2.6747352320157733
		-1.8913234204369274 5.7147155666935188 1.8913234204369271
		2.5364155557653896 8.4534105949267762 2.53641555576539
		2.1964244116449528e-16 8.4534105949267762 3.5870332787775041
		-2.5364155557653896 8.4534105949267762 2.5364155557653891
		-3.5870332787775054 8.4534105949267762 1.8595243859443581e-16
		-2.5364155557653896 8.4534105949267762 -2.5364155557653896
		-3.59315576819534e-16 8.4534105949267762 -3.5870332787775063
		2.5364155557653896 8.4534105949267762 -2.5364155557653891
		3.5870332787775054 8.4534105949267762 -4.8916246172497177e-16
		2.5364155557653896 8.4534105949267762 2.53641555576539
		2.1964244116449528e-16 8.4534105949267762 3.5870332787775041
		-2.5364155557653896 8.4534105949267762 2.5364155557653891
		3.2661551442017869 10.002830084229577 3.2661551442017873
		2.8283468277262476e-16 10.002830084229577 4.6190409017448175
		-3.2661551442017869 10.002830084229577 3.2661551442017864
		-4.6190409017448193 10.002830084229577 2.3945189600795108e-16
		-3.2661551442017869 10.002830084229577 -3.2661551442017869
		-4.6269248623450162e-16 10.002830084229577 -4.6190409017448202
		3.2661551442017869 10.002830084229577 -3.2661551442017864
		4.6190409017448193 10.002830084229577 -6.2989697689001507e-16
		3.2661551442017869 10.002830084229577 3.2661551442017873
		2.8283468277262476e-16 10.002830084229577 4.6190409017448175
		-3.2661551442017869 10.002830084229577 3.2661551442017864
		3.6832076074607429 11.67896137832053 3.6832076074607438
		3.1894959340532706e-16 11.67896137832053 5.2088421515067402
		-3.6832076074607429 11.67896137832053 3.6832076074607425
		-5.208842151506742 11.67896137832053 2.7002729694670501e-16
		-3.6832076074607429 11.67896137832053 -3.6832076074607429
		-5.2177328080669843e-16 11.67896137832053 -5.2088421515067429
		3.6832076074607429 11.67896137832053 -3.6832076074607425
		5.208842151506742 11.67896137832053 -7.103279650743046e-16
		3.6832076074607429 11.67896137832053 3.6832076074607438
		3.1894959340532706e-16 11.67896137832053 5.2088421515067402
		-3.6832076074607429 11.67896137832053 3.6832076074607425
		3.9393268008775224 13.698824047097187 3.9393268008775228
		3.4112839007106806e-16 13.698824047097187 5.571049388420807
		-3.9393268008775224 13.698824047097187 3.939326800877522
		-5.5710493884208097 13.698824047097187 2.8880418406933525e-16
		-3.9393268008775224 13.698824047097187 -3.9393268008775224
		-5.5805582745325279e-16 13.698824047097187 -5.5710493884208105
		3.9393268008775224 13.698824047097187 -3.939326800877522
		5.5710493884208097 13.698824047097187 -7.5972203808493176e-16
		3.9393268008775224 13.698824047097187 3.9393268008775228
		3.4112839007106806e-16 13.698824047097187 5.571049388420807
		-3.9393268008775224 13.698824047097187 3.939326800877522
		3.3824871089143445 15.233140247617756 3.3824871089143449
		2.9290851971028598e-16 15.233140247617756 4.7835591439788248
		-3.3824871089143445 15.233140247617756 3.382487108914344
		-4.7835591439788265 15.233140247617756 2.4798055073710649e-16
		-3.3824871089143445 15.233140247617756 -3.3824871089143445
		-4.7917239107826007e-16 15.233140247617756 -4.7835591439788274
		3.3824871089143445 15.233140247617756 -3.382487108914344
		4.7835591439788265 15.233140247617756 -6.5233227149572305e-16
		3.3824871089143445 15.233140247617756 3.3824871089143449
		2.9290851971028598e-16 15.233140247617756 4.7835591439788248
		-3.3824871089143445 15.233140247617756 3.382487108914344
		3.4074096844319333 15.995032330836239 3.4074096844319341
		2.9506670523093029e-16 15.995032330836239 4.8188049882850663
		-3.4074096844319333 15.995032330836239 3.4074096844319328
		-4.818804988285069 15.995032330836239 2.4980770152989177e-16
		-3.4074096844319333 15.995032330836239 -3.4074096844319333
		-4.8270299140815299e-16 15.995032330836239 -4.8188049882850699
		3.4074096844319333 15.995032330836239 -3.4074096844319328
		4.818804988285069 15.995032330836239 -6.5713873483923912e-16
		3.4074096844319333 15.995032330836239 3.4074096844319341
		2.9506670523093029e-16 15.995032330836239 4.8188049882850663
		-3.4074096844319333 15.995032330836239 3.4074096844319328
		2.6259937113766676 16.267804010420562 2.625993711376668
		2.2739951580029445e-16 16.267804010420562 3.713715921335341
		-2.6259937113766676 16.267804010420562 2.6259937113766672
		-3.7137159213353423 16.267804010420562 1.9251968915511237e-16
		-2.6259937113766676 16.267804010420562 -2.6259937113766676
		-3.7200546376677896e-16 16.267804010420562 -3.7137159213353432
		2.6259937113766676 16.267804010420562 -2.6259937113766672
		3.7137159213353423 16.267804010420562 -5.0643812896175181e-16
		2.6259937113766676 16.267804010420562 2.625993711376668
		2.2739951580029445e-16 16.267804010420562 3.713715921335341
		-2.6259937113766676 16.267804010420562 2.6259937113766672
		2.2764458027246728 17.011501787899967 2.2764458027246728
		1.9713020295612985e-16 17.011501787899967 3.2193805282205381
		-2.2764458027246728 17.011501787899967 2.2764458027246723
		-3.2193805282205394 17.011501787899967 1.6689325508295209e-16
		-2.2764458027246728 17.011501787899967 -2.2764458027246728
		-3.2248754934701313e-16 17.011501787899967 -3.2193805282205403
		2.2764458027246728 17.011501787899967 -2.2764458027246723
		3.2193805282205394 17.011501787899967 -4.3902578594155275e-16
		2.2764458027246728 17.011501787899967 2.2764458027246728
		1.9713020295612985e-16 17.011501787899967 3.2193805282205381
		-2.2764458027246728 17.011501787899967 2.2764458027246723
		2.5982053659657054 18.731494193074045 2.5982053659657058
		2.249931672001558e-16 18.731494193074045 3.6744172663792503
		-2.5982053659657054 18.731494193074045 2.5982053659657054
		-3.674417266379252 18.731494193074045 1.9048243994256621e-16
		-2.5982053659657054 18.731494193074045 -2.5982053659657054
		-3.6806889062224657e-16 18.731494193074045 -3.6744172663792525
		2.5982053659657054 18.731494193074045 -2.5982053659657054
		3.674417266379252 18.731494193074045 -5.0107898526087348e-16
		2.5982053659657054 18.731494193074045 2.5982053659657058
		2.249931672001558e-16 18.731494193074045 3.6744172663792503
		-2.5982053659657054 18.731494193074045 2.5982053659657054
		2.7223424756089973 18.897856532003818 2.7223424756089973
		2.3574289539007361e-16 18.897856532003818 3.8499736504305893
		-2.7223424756089973 18.897856532003818 2.7223424756089969
		-3.8499736504305906 18.897856532003818 1.995833138927219e-16
		-2.7223424756089973 18.897856532003818 -2.7223424756089973
		-3.8565449368117795e-16 18.897856532003818 -3.8499736504305915
		2.7223424756089973 18.897856532003818 -2.7223424756089969
		3.8499736504305906 18.897856532003818 -5.2501954736888785e-16
		2.7223424756089973 18.897856532003818 2.7223424756089973
		2.3574289539007361e-16 18.897856532003818 3.8499736504305893
		-2.7223424756089973 18.897856532003818 2.7223424756089969
		1.9925034282911072 19.109091350145839 1.9925034282911076
		1.7254204107986666e-16 19.109091350145839 2.8178253713641706
		-1.9925034282911072 19.109091350145839 1.9925034282911069
		-2.8178253713641719 19.109091350145839 1.4607656484219104e-16
		-1.9925034282911072 19.109091350145839 -1.9925034282911072
		-2.8226349464856383e-16 19.109091350145839 -2.8178253713641723
		1.9925034282911072 19.109091350145839 -1.9925034282911069
		2.8178253713641719 19.109091350145839 -3.8426585098127215e-16
		1.9925034282911072 19.109091350145839 1.9925034282911076
		1.7254204107986666e-16 19.109091350145839 2.8178253713641706
		-1.9925034282911072 19.109091350145839 1.9925034282911069
		2.0451849185344133 18.436486689520002 2.0451849185344138
		1.7710402663263686e-16 18.436486689520002 2.8923282493522802
		-2.0451849185344133 18.436486689520002 2.0451849185344133
		-2.8923282493522815 18.436486689520002 1.4993880719331701e-16
		-2.0451849185344133 18.436486689520002 -2.0451849185344133
		-2.8972649889148419e-16 18.436486689520002 -2.8923282493522819
		2.0451849185344133 18.436486689520002 -2.0451849185344133
		2.8923282493522815 18.436486689520002 -3.9442578214719636e-16
		2.0451849185344133 18.436486689520002 2.0451849185344138
		1.7710402663263686e-16 18.436486689520002 2.8923282493522802
		-2.0451849185344133 18.436486689520002 2.0451849185344133
		1.768077413224924 17.641600073878323 1.7680774132249242
		1.5310773438753071e-16 17.641600073878323 2.5004390571082258
		-1.768077413224924 17.641600073878323 1.7680774132249237
		-2.5004390571082267 17.641600073878323 1.2962320226493973e-16
		-1.768077413224924 17.641600073878323 -1.768077413224924
		-2.5047069047910622e-16 17.641600073878323 -2.5004390571082271
		1.768077413224924 17.641600073878323 -1.7680774132249237
		2.5004390571082267 17.641600073878323 -3.4098399136825922e-16
		1.768077413224924 17.641600073878323 1.7680774132249242
		1.5310773438753071e-16 17.641600073878323 2.5004390571082258
		-1.768077413224924 17.641600073878323 1.7680774132249237
		1.7621984844800511 15.623004160558205 1.7621984844800513
		1.5259864499245078e-16 15.623004160558205 2.4921249963450016
		-1.7621984844800511 15.623004160558205 1.7621984844800509
		-2.4921249963450025 15.623004160558205 1.2919219988682107e-16
		-1.7621984844800511 15.623004160558205 -1.7621984844800511
		-2.4963786532620753e-16 15.623004160558205 -2.492124996345003
		1.7621984844800511 15.623004160558205 -1.7621984844800509
		2.4921249963450025 15.623004160558205 -3.3985020583748886e-16
		1.7621984844800511 15.623004160558205 1.7621984844800513
		1.5259864499245078e-16 15.623004160558205 2.4921249963450016
		-1.7621984844800511 15.623004160558205 1.7621984844800509
		1.6204769343516259 15.121658934538813 1.6204769343516261
		1.4032618152917157e-16 15.121658934538813 2.2917004580728442
		-1.6204769343516259 15.121658934538813 1.6204769343516257
		-2.2917004580728451 15.121658934538813 1.1880215643047117e-16
		-1.6204769343516259 15.121658934538813 -1.6204769343516259
		-2.2956120225086728e-16 15.121658934538813 -2.2917004580728455
		1.6204769343516259 15.121658934538813 -1.6204769343516257
		2.2917004580728451 15.121658934538813 -3.1251838231877522e-16
		1.6204769343516259 15.121658934538813 1.6204769343516261
		1.4032618152917157e-16 15.121658934538813 2.2917004580728442
		-1.6204769343516259 15.121658934538813 1.6204769343516257
		2.1047731125600109 12.823292754983903 2.1047731125600113
		1.8226410238229705e-16 12.823292754983903 2.9765986815005996
		-2.1047731125600109 12.823292754983903 2.1047731125600104
		-2.9765986815006005 12.823292754983903 1.5430740127692906e-16
		-2.1047731125600109 12.823292754983903 -2.1047731125600109
		-2.981679257149689e-16 12.823292754983903 -2.9765986815006014
		2.1047731125600109 12.823292754983903 -2.1047731125600104
		2.9765986815006005 12.823292754983903 -4.0591771122524157e-16
		2.1047731125600109 12.823292754983903 2.1047731125600113
		1.8226410238229705e-16 12.823292754983903 2.9765986815005996
		-2.1047731125600109 12.823292754983903 2.1047731125600104
		0.7308597623344939 13.039422392983255 0.73085976233449401
		6.3289243745238807e-17 13.039422392983255 1.033591788086218
		-0.7308597623344939 13.039422392983255 0.73085976233449379
		-1.0335917880862182 13.039422392983255 5.3581580813021846e-17
		-0.7308597623344939 13.039422392983255 -0.7308597623344939
		-1.0353559631838842e-16 13.039422392983255 -1.0335917880862184
		0.7308597623344939 13.039422392983255 -0.73085976233449379
		1.0335917880862182 13.039422392983255 -1.4095054720297469e-16
		0.7308597623344939 13.039422392983255 0.73085976233449401
		6.3289243745238807e-17 13.039422392983255 1.033591788086218
		-0.7308597623344939 13.039422392983255 0.73085976233449379
		0.043903087221735519 13.147487211982931 0.043903087221735526
		3.8018144267096958e-18 13.147487211982931 0.06208834137902728
		-0.043903087221735519 13.147487211982931 0.043903087221735512
		-0.062088341379027301 13.147487211982931 3.2186705810682499e-18
		-0.043903087221735519 13.147487211982931 -0.043903087221735519
		-6.219431620098199e-18 13.147487211982931 -0.062088341379027315
		0.043903087221735519 13.147487211982931 -0.043903087221735512
		0.062088341379027301 13.147487211982931 -8.4669651918412761e-18
		0.043903087221735519 13.147487211982931 0.043903087221735526
		3.8018144267096958e-18 13.147487211982931 0.06208834137902728
		-0.043903087221735519 13.147487211982931 0.043903087221735512
		
		;
createNode transform -n "loftedSurface7" -p "revolvedSurface1";
	rename -uid "12FFA4E0-4060-9349-F9F7-EC9BC1AF271A";
	setAttr ".t" -type "double3" -21.174633306572453 -20.773524049086141 -19.741114486657764 ;
	setAttr ".r" -type "double3" 7.0125963814509484 45.183309556106096 1.2969194319497623 ;
	setAttr ".s" -type "double3" 1.551542998281769 1.7505604897729261 1.5515429982817692 ;
	setAttr ".rp" -type "double3" 0.066533733890073235 38.64033690273677 25.230839001201634 ;
	setAttr ".rpt" -type "double3" 20.287066624535051 -2.8995960830706444 -4.3022533464023009 ;
	setAttr ".sp" -type "double3" 0.042882301015024993 22.073122938898841 16.261772331893546 ;
	setAttr ".spt" -type "double3" 0.023651432875048242 16.567213963837929 8.9690666693080878 ;
createNode mesh -n "loftedSurfaceShape7" -p "loftedSurface7";
	rename -uid "4CDC54AA-40CA-2763-8CD8-24A697A83966";
	setAttr -k off ".v";
	setAttr ".vir" yes;
	setAttr ".vif" yes;
	setAttr ".uvst[0].uvsn" -type "string" "map1";
	setAttr -s 21 ".uvst[0].uvsp[0:20]" -type "float2" 0 0 1 0 1 1 0 1 0.5
		 0 0.5 1 0.16666667 0 0.16666667 1 0.16666667 0.5 0 0.5 0.5 0.5 0.33333334 0 0.33333334
		 0.5 0.33333334 1 0.66666669 0 0.66666669 1 0.66666669 0.5 1 0.5 0.83333331 0 0.83333331
		 0.5 0.83333331 1;
	setAttr ".cuvs" -type "string" "map1";
	setAttr ".dcc" -type "string" "Ambient+Diffuse";
	setAttr ".covm[0]"  0 1 1;
	setAttr ".cdvm[0]"  0 1 1;
	setAttr -s 21 ".vt[0:20]"  0 26.9830513 16.35088921 0 21.55242538 16.47431183
		 0 21.64499283 15.93433571 0 27.3996048 15.93433571 0 24.34487724 16.93715096 0 25.74881935 15.17836761
		 0 26.11508942 16.62401962 0 27.031049728 15.57035065 -0.46002597 25.97545242 16.13832664
		 0 27.53581047 16.088615417 -0.49682805 23.74318886 16.1966095 0 25.238554 16.83886909
		 -0.58883321 24.72676468 16.17775345 0 26.5262146 15.29036236 0 23.42834473 16.8800087
		 0 24.60800934 15.29036236 -0.29441661 22.97379303 16.18803978 0 21.79927254 16.1194706
		 0 22.49467087 16.70630264 -0.092005193 22.35010529 16.1588974 0 23.19464111 15.57035065;
	setAttr -s 32 ".ed[0:31]"  17 2 1 2 20 1 20 19 1 19 17 1 10 5 1 5 13 1
		 13 12 1 12 10 1 8 7 1 7 3 1 3 9 1 9 8 1 0 6 1 6 8 1 9 0 1 11 4 1 4 10 1 12 11 1 6 11 1
		 12 8 1 13 7 1 16 15 1 15 5 1 10 16 1 4 14 1 14 16 1 18 1 1 1 17 1 19 18 1 14 18 1
		 19 16 1 20 15 1;
	setAttr -s 12 -ch 48 ".fc[0:11]" -type "polyFaces" 
		f 4 0 1 2 3
		mu 0 4 17 2 20 19
		f 4 4 5 6 7
		mu 0 4 10 5 13 12
		f 4 8 9 10 11
		mu 0 4 8 7 3 9
		f 4 12 13 -12 14
		mu 0 4 0 6 8 9
		f 4 15 16 -8 17
		mu 0 4 11 4 10 12
		f 4 18 -18 19 -14
		mu 0 4 6 11 12 8
		f 4 20 -9 -20 -7
		mu 0 4 13 7 8 12
		f 4 21 22 -5 23
		mu 0 4 16 15 5 10
		f 4 24 25 -24 -17
		mu 0 4 4 14 16 10
		f 4 26 27 -4 28
		mu 0 4 18 1 17 19
		f 4 29 -29 30 -26
		mu 0 4 14 18 19 16
		f 4 31 -22 -31 -3
		mu 0 4 20 15 16 19;
	setAttr ".cd" -type "dataPolyComponent" Index_Data Edge 0 ;
	setAttr ".cvd" -type "dataPolyComponent" Index_Data Vertex 0 ;
	setAttr ".pd[0]" -type "dataPolyComponent" Index_Data UV 0 ;
	setAttr ".hfd" -type "dataPolyComponent" Index_Data Face 0 ;
createNode transform -n "loftedSurface9" -p "revolvedSurface1";
	rename -uid "D5162DA6-4BB9-56C3-35AD-58B716510A5A";
	setAttr ".t" -type "double3" 34.810323548289951 -23.248481525849058 -2.5528009316923495 ;
	setAttr ".r" -type "double3" -29.671881300696395 -69.897792432769918 36.401682265033081 ;
	setAttr ".s" -type "double3" 1.9636574893095657 1.9636574893095653 1.9636574893095657 ;
	setAttr ".rp" -type "double3" 0.084206151546981009 43.344053171419468 31.93255102896984 ;
	setAttr ".rpt" -type "double3" -36.544466782767707 -3.7962144209161632 -29.692083200991831 ;
	setAttr ".sp" -type "double3" 0.042882301015024993 22.073122938898841 16.261772331893546 ;
	setAttr ".spt" -type "double3" 0.041323850531956016 21.270930232520627 15.670778697076294 ;
createNode mesh -n "loftedSurfaceShape9" -p "loftedSurface9";
	rename -uid "2A712D96-45D2-F429-D0C8-5193EA1FDE4B";
	setAttr -k off ".v";
	setAttr ".vir" yes;
	setAttr ".vif" yes;
	setAttr ".uvst[0].uvsn" -type "string" "map1";
	setAttr -s 21 ".uvst[0].uvsp[0:20]" -type "float2" 0 0 1 0 1 1 0 1 0.5
		 0 0.5 1 0.16666667 0 0.16666667 1 0.16666667 0.5 0 0.5 0.5 0.5 0.33333334 0 0.33333334
		 0.5 0.33333334 1 0.66666669 0 0.66666669 1 0.66666669 0.5 1 0.5 0.83333331 0 0.83333331
		 0.5 0.83333331 1;
	setAttr ".cuvs" -type "string" "map1";
	setAttr ".dcc" -type "string" "Ambient+Diffuse";
	setAttr ".covm[0]"  0 1 1;
	setAttr ".cdvm[0]"  0 1 1;
	setAttr -s 21 ".vt[0:20]"  0 26.9830513 16.35088921 0 21.55242538 16.47431183
		 0 21.64499283 15.93433571 0 27.3996048 15.93433571 0 24.34487724 16.93715096 0 25.74881935 15.17836761
		 0 26.11508942 16.62401962 0 27.031049728 15.57035065 -0.46002597 25.97545242 16.13832664
		 0 27.53581047 16.088615417 -0.49682805 23.74318886 16.1966095 0 25.238554 16.83886909
		 -0.58883321 24.72676468 16.17775345 0 26.5262146 15.29036236 0 23.42834473 16.8800087
		 0 24.60800934 15.29036236 -0.29441661 22.97379303 16.18803978 0 21.79927254 16.1194706
		 0 22.49467087 16.70630264 -0.092005193 22.35010529 16.1588974 0 23.19464111 15.57035065;
	setAttr -s 32 ".ed[0:31]"  17 2 1 2 20 1 20 19 1 19 17 1 10 5 1 5 13 1
		 13 12 1 12 10 1 8 7 1 7 3 1 3 9 1 9 8 1 0 6 1 6 8 1 9 0 1 11 4 1 4 10 1 12 11 1 6 11 1
		 12 8 1 13 7 1 16 15 1 15 5 1 10 16 1 4 14 1 14 16 1 18 1 1 1 17 1 19 18 1 14 18 1
		 19 16 1 20 15 1;
	setAttr -s 12 -ch 48 ".fc[0:11]" -type "polyFaces" 
		f 4 0 1 2 3
		mu 0 4 17 2 20 19
		f 4 4 5 6 7
		mu 0 4 10 5 13 12
		f 4 8 9 10 11
		mu 0 4 8 7 3 9
		f 4 12 13 -12 14
		mu 0 4 0 6 8 9
		f 4 15 16 -8 17
		mu 0 4 11 4 10 12
		f 4 18 -18 19 -14
		mu 0 4 6 11 12 8
		f 4 20 -9 -20 -7
		mu 0 4 13 7 8 12
		f 4 21 22 -5 23
		mu 0 4 16 15 5 10
		f 4 24 25 -24 -17
		mu 0 4 4 14 16 10
		f 4 26 27 -4 28
		mu 0 4 18 1 17 19
		f 4 29 -29 30 -26
		mu 0 4 14 18 19 16
		f 4 31 -22 -31 -3
		mu 0 4 20 15 16 19;
	setAttr ".cd" -type "dataPolyComponent" Index_Data Edge 0 ;
	setAttr ".cvd" -type "dataPolyComponent" Index_Data Vertex 0 ;
	setAttr ".pd[0]" -type "dataPolyComponent" Index_Data UV 0 ;
	setAttr ".hfd" -type "dataPolyComponent" Index_Data Face 0 ;
createNode transform -n "loftedSurface10" -p "revolvedSurface1";
	rename -uid "5270726B-41BB-8D9D-812C-0F90743F7C4A";
	setAttr ".t" -type "double3" 34.271703559413282 -48.596811263779436 5.8792395507853898 ;
	setAttr ".r" -type "double3" -80.524231138174301 -83.223386189501269 81.478391674589602 ;
	setAttr ".s" -type "double3" 1.9636574893095655 2.9397887272189802 1.9636574893095655 ;
	setAttr ".rp" -type "double3" 0.084206151546981009 64.890317990293511 31.93255102896984 ;
	setAttr ".rpt" -type "double3" -33.152259293642004 -0.93682302655400085 -38.781099640877031 ;
	setAttr ".sp" -type "double3" 0.042882301015024993 22.073122938898841 16.261772331893546 ;
	setAttr ".spt" -type "double3" 0.041323850531956016 42.81719505139467 15.670778697076294 ;
createNode mesh -n "loftedSurfaceShape10" -p "loftedSurface10";
	rename -uid "33E70370-46D6-7C6C-A9E0-F5A4EDF39DE6";
	setAttr -k off ".v";
	setAttr ".vir" yes;
	setAttr ".vif" yes;
	setAttr ".uvst[0].uvsn" -type "string" "map1";
	setAttr -s 21 ".uvst[0].uvsp[0:20]" -type "float2" 0 0 1 0 1 1 0 1 0.5
		 0 0.5 1 0.16666667 0 0.16666667 1 0.16666667 0.5 0 0.5 0.5 0.5 0.33333334 0 0.33333334
		 0.5 0.33333334 1 0.66666669 0 0.66666669 1 0.66666669 0.5 1 0.5 0.83333331 0 0.83333331
		 0.5 0.83333331 1;
	setAttr ".cuvs" -type "string" "map1";
	setAttr ".dcc" -type "string" "Ambient+Diffuse";
	setAttr ".covm[0]"  0 1 1;
	setAttr ".cdvm[0]"  0 1 1;
	setAttr -s 21 ".vt[0:20]"  0 26.9830513 16.35088921 0 21.55242538 16.47431183
		 0 21.64499283 15.93433571 0 27.3996048 15.93433571 0 24.34487724 16.93715096 0 25.74881935 15.17836761
		 0 26.11508942 16.62401962 0 27.031049728 15.57035065 -0.46002597 25.97545242 16.13832664
		 0 27.53581047 16.088615417 -0.49682805 23.74318886 16.1966095 0 25.238554 16.83886909
		 -0.58883321 24.72676468 16.17775345 0 26.5262146 15.29036236 0 23.42834473 16.8800087
		 0 24.60800934 15.29036236 -0.29441661 22.97379303 16.18803978 0 21.79927254 16.1194706
		 0 22.49467087 16.70630264 -0.092005193 22.35010529 16.1588974 0 23.19464111 15.57035065;
	setAttr -s 32 ".ed[0:31]"  17 2 1 2 20 1 20 19 1 19 17 1 10 5 1 5 13 1
		 13 12 1 12 10 1 8 7 1 7 3 1 3 9 1 9 8 1 0 6 1 6 8 1 9 0 1 11 4 1 4 10 1 12 11 1 6 11 1
		 12 8 1 13 7 1 16 15 1 15 5 1 10 16 1 4 14 1 14 16 1 18 1 1 1 17 1 19 18 1 14 18 1
		 19 16 1 20 15 1;
	setAttr -s 12 -ch 48 ".fc[0:11]" -type "polyFaces" 
		f 4 0 1 2 3
		mu 0 4 17 2 20 19
		f 4 4 5 6 7
		mu 0 4 10 5 13 12
		f 4 8 9 10 11
		mu 0 4 8 7 3 9
		f 4 12 13 -12 14
		mu 0 4 0 6 8 9
		f 4 15 16 -8 17
		mu 0 4 11 4 10 12
		f 4 18 -18 19 -14
		mu 0 4 6 11 12 8
		f 4 20 -9 -20 -7
		mu 0 4 13 7 8 12
		f 4 21 22 -5 23
		mu 0 4 16 15 5 10
		f 4 24 25 -24 -17
		mu 0 4 4 14 16 10
		f 4 26 27 -4 28
		mu 0 4 18 1 17 19
		f 4 29 -29 30 -26
		mu 0 4 14 18 19 16
		f 4 31 -22 -31 -3
		mu 0 4 20 15 16 19;
	setAttr ".cd" -type "dataPolyComponent" Index_Data Edge 0 ;
	setAttr ".cvd" -type "dataPolyComponent" Index_Data Vertex 0 ;
	setAttr ".pd[0]" -type "dataPolyComponent" Index_Data UV 0 ;
	setAttr ".hfd" -type "dataPolyComponent" Index_Data Face 0 ;
createNode transform -n "loftedSurface11" -p "revolvedSurface1";
	rename -uid "351EE0A0-4593-F18B-5BF4-0A9F111A182B";
	setAttr ".t" -type "double3" -21.909654689880817 -46.277958316578626 -36.455738522485028 ;
	setAttr ".r" -type "double3" 7.1265625274709485 43.750954506602902 14.643665125813818 ;
	setAttr ".s" -type "double3" 2.7800947965912495 2.7800947965912499 2.7800947965912499 ;
	setAttr ".rp" -type "double3" 0.11921686191773066 61.365374226951623 45.209268643248798 ;
	setAttr ".rpt" -type "double3" 21.096050124613434 1.31667081725934 -7.3876476613668576 ;
	setAttr ".sp" -type "double3" 0.042882301015024993 22.073122938898841 16.261772331893546 ;
	setAttr ".spt" -type "double3" 0.07633456090270567 39.292251288052782 28.947496311355252 ;
createNode mesh -n "loftedSurfaceShape11" -p "loftedSurface11";
	rename -uid "1F2830FC-4FBF-2AF1-B22D-BEA792BB0A78";
	setAttr -k off ".v";
	setAttr ".vir" yes;
	setAttr ".vif" yes;
	setAttr ".uvst[0].uvsn" -type "string" "map1";
	setAttr -s 21 ".uvst[0].uvsp[0:20]" -type "float2" 0 0 1 0 1 1 0 1 0.5
		 0 0.5 1 0.16666667 0 0.16666667 1 0.16666667 0.5 0 0.5 0.5 0.5 0.33333334 0 0.33333334
		 0.5 0.33333334 1 0.66666669 0 0.66666669 1 0.66666669 0.5 1 0.5 0.83333331 0 0.83333331
		 0.5 0.83333331 1;
	setAttr ".cuvs" -type "string" "map1";
	setAttr ".dcc" -type "string" "Ambient+Diffuse";
	setAttr ".covm[0]"  0 1 1;
	setAttr ".cdvm[0]"  0 1 1;
	setAttr -s 21 ".vt[0:20]"  0 26.9830513 16.35088921 0 21.55242538 16.47431183
		 0 21.64499283 15.93433571 0 27.3996048 15.93433571 0 24.34487724 16.93715096 0 25.74881935 15.17836761
		 0 26.11508942 16.62401962 0 27.031049728 15.57035065 -0.46002597 25.97545242 16.13832664
		 0 27.53581047 16.088615417 -0.49682805 23.74318886 16.1966095 0 25.238554 16.83886909
		 -0.58883321 24.72676468 16.17775345 0 26.5262146 15.29036236 0 23.42834473 16.8800087
		 0 24.60800934 15.29036236 -0.29441661 22.97379303 16.18803978 0 21.79927254 16.1194706
		 0 22.49467087 16.70630264 -0.092005193 22.35010529 16.1588974 0 23.19464111 15.57035065;
	setAttr -s 32 ".ed[0:31]"  17 2 1 2 20 1 20 19 1 19 17 1 10 5 1 5 13 1
		 13 12 1 12 10 1 8 7 1 7 3 1 3 9 1 9 8 1 0 6 1 6 8 1 9 0 1 11 4 1 4 10 1 12 11 1 6 11 1
		 12 8 1 13 7 1 16 15 1 15 5 1 10 16 1 4 14 1 14 16 1 18 1 1 1 17 1 19 18 1 14 18 1
		 19 16 1 20 15 1;
	setAttr -s 12 -ch 48 ".fc[0:11]" -type "polyFaces" 
		f 4 0 1 2 3
		mu 0 4 17 2 20 19
		f 4 4 5 6 7
		mu 0 4 10 5 13 12
		f 4 8 9 10 11
		mu 0 4 8 7 3 9
		f 4 12 13 -12 14
		mu 0 4 0 6 8 9
		f 4 15 16 -8 17
		mu 0 4 11 4 10 12
		f 4 18 -18 19 -14
		mu 0 4 6 11 12 8
		f 4 20 -9 -20 -7
		mu 0 4 13 7 8 12
		f 4 21 22 -5 23
		mu 0 4 16 15 5 10
		f 4 24 25 -24 -17
		mu 0 4 4 14 16 10
		f 4 26 27 -4 28
		mu 0 4 18 1 17 19
		f 4 29 -29 30 -26
		mu 0 4 14 18 19 16
		f 4 31 -22 -31 -3
		mu 0 4 20 15 16 19;
	setAttr ".cd" -type "dataPolyComponent" Index_Data Edge 0 ;
	setAttr ".cvd" -type "dataPolyComponent" Index_Data Vertex 0 ;
	setAttr ".pd[0]" -type "dataPolyComponent" Index_Data UV 0 ;
	setAttr ".hfd" -type "dataPolyComponent" Index_Data Face 0 ;
createNode transform -n "loftedSurface12" -p "revolvedSurface1";
	rename -uid "A8B6E62B-4089-DD98-58B7-AC879D889FB3";
	setAttr ".t" -type "double3" 2.0395559283554032 -15.723190399870136 -26.182556663925219 ;
	setAttr ".r" -type "double3" 2.4573532269185367 -8.1082561693635391 -0.13085197289244588 ;
	setAttr ".s" -type "double3" 1.551542998281769 1.551542998281769 1.551542998281769 ;
	setAttr ".rp" -type "double3" 0.066533733890073235 34.247399346061201 25.23083900120163 ;
	setAttr ".rpt" -type "double3" -3.687473589251113 -1.1049289090429459 1.1878943769549584 ;
	setAttr ".sp" -type "double3" 0.042882301015024993 22.073122938898841 16.261772331893546 ;
	setAttr ".spt" -type "double3" 0.023651432875048242 12.17427640716236 8.9690666693080843 ;
createNode mesh -n "loftedSurfaceShape12" -p "loftedSurface12";
	rename -uid "41CEB6EC-4417-0CAE-5374-99B3C0147D91";
	setAttr -k off ".v";
	setAttr ".vir" yes;
	setAttr ".vif" yes;
	setAttr ".uvst[0].uvsn" -type "string" "map1";
	setAttr -s 21 ".uvst[0].uvsp[0:20]" -type "float2" 0 0 1 0 1 1 0 1 0.5
		 0 0.5 1 0.16666667 0 0.16666667 1 0.16666667 0.5 0 0.5 0.5 0.5 0.33333334 0 0.33333334
		 0.5 0.33333334 1 0.66666669 0 0.66666669 1 0.66666669 0.5 1 0.5 0.83333331 0 0.83333331
		 0.5 0.83333331 1;
	setAttr ".cuvs" -type "string" "map1";
	setAttr ".dcc" -type "string" "Ambient+Diffuse";
	setAttr ".covm[0]"  0 1 1;
	setAttr ".cdvm[0]"  0 1 1;
	setAttr -s 21 ".vt[0:20]"  0 26.9830513 16.35088921 0 21.55242538 16.47431183
		 0 21.64499283 15.93433571 0 27.3996048 15.93433571 0 24.34487724 16.93715096 0 25.74881935 15.17836761
		 0 26.11508942 16.62401962 0 27.031049728 15.57035065 -0.46002597 25.97545242 16.13832664
		 0 27.53581047 16.088615417 -0.49682805 23.74318886 16.1966095 0 25.238554 16.83886909
		 -0.58883321 24.72676468 16.17775345 0 26.5262146 15.29036236 0 23.42834473 16.8800087
		 0 24.60800934 15.29036236 -0.29441661 22.97379303 16.18803978 0 21.79927254 16.1194706
		 0 22.49467087 16.70630264 -0.092005193 22.35010529 16.1588974 0 23.19464111 15.57035065;
	setAttr -s 32 ".ed[0:31]"  17 2 1 2 20 1 20 19 1 19 17 1 10 5 1 5 13 1
		 13 12 1 12 10 1 8 7 1 7 3 1 3 9 1 9 8 1 0 6 1 6 8 1 9 0 1 11 4 1 4 10 1 12 11 1 6 11 1
		 12 8 1 13 7 1 16 15 1 15 5 1 10 16 1 4 14 1 14 16 1 18 1 1 1 17 1 19 18 1 14 18 1
		 19 16 1 20 15 1;
	setAttr -s 12 -ch 48 ".fc[0:11]" -type "polyFaces" 
		f 4 0 1 2 3
		mu 0 4 17 2 20 19
		f 4 4 5 6 7
		mu 0 4 10 5 13 12
		f 4 8 9 10 11
		mu 0 4 8 7 3 9
		f 4 12 13 -12 14
		mu 0 4 0 6 8 9
		f 4 15 16 -8 17
		mu 0 4 11 4 10 12
		f 4 18 -18 19 -14
		mu 0 4 6 11 12 8
		f 4 20 -9 -20 -7
		mu 0 4 13 7 8 12
		f 4 21 22 -5 23
		mu 0 4 16 15 5 10
		f 4 24 25 -24 -17
		mu 0 4 4 14 16 10
		f 4 26 27 -4 28
		mu 0 4 18 1 17 19
		f 4 29 -29 30 -26
		mu 0 4 14 18 19 16
		f 4 31 -22 -31 -3
		mu 0 4 20 15 16 19;
	setAttr ".cd" -type "dataPolyComponent" Index_Data Edge 0 ;
	setAttr ".cvd" -type "dataPolyComponent" Index_Data Vertex 0 ;
	setAttr ".pd[0]" -type "dataPolyComponent" Index_Data UV 0 ;
	setAttr ".hfd" -type "dataPolyComponent" Index_Data Face 0 ;
createNode transform -n "revolvedSurface2";
	rename -uid "17A12EEE-4662-7F6F-0791-369FAA2EC958";
	setAttr ".t" -type "double3" 0 0 6.746788017071216 ;
createNode nurbsSurface -n "revolvedSurfaceShape2" -p "revolvedSurface2";
	rename -uid "9DCDBA96-4559-E385-8C0A-0B85D55187BE";
	setAttr -k off ".v";
	setAttr ".vir" yes;
	setAttr ".vif" yes;
	setAttr ".covm[0]"  0 1 1;
	setAttr ".cdvm[0]"  0 1 1;
	setAttr ".dvu" 0;
	setAttr ".dvv" 0;
	setAttr ".cpr" 4;
	setAttr ".cps" 4;
	setAttr ".cc" -type "nurbsSurface" 
		3 3 0 2 no 
		29 0 0 0 1 2 3 4 5 6 7 8 9 10 11 12 13 14 15 16 17 18 19 20 21 22 23 24 24
		 24
		13 -2 -1 0 1 2 3 4 5 6 7 8 9 10
		
		297
		-0.017584221279381675 -0.01024672568866684 -0.017584221279381675
		-1.5227162911065589e-18 -0.01024672568866684 -0.024867844217071132
		0.017584221279381675 -0.01024672568866684 -0.017584221279381671
		0.024867844217071142 -0.01024672568866684 -1.2891534355451813e-18
		0.017584221279381675 -0.01024672568866684 0.017584221279381675
		2.49102896312144e-18 -0.01024672568866684 0.024867844217071146
		-0.017584221279381675 -0.01024672568866684 0.017584221279381671
		-0.024867844217071142 -0.01024672568866684 3.3912191355975846e-18
		-0.017584221279381675 -0.01024672568866684 -0.017584221279381675
		-1.5227162911065589e-18 -0.01024672568866684 -0.024867844217071132
		0.017584221279381675 -0.01024672568866684 -0.017584221279381671
		1.3321157992276118 -0.15771210147393025 1.332115799227612
		1.1535537439481343e-16 -0.15771210147393025 1.8838962299191628
		-1.3321157992276118 -0.15771210147393025 1.3321157992276116
		-1.8838962299191637 -0.15771210147393025 9.7661513230154103e-17
		-1.3321157992276118 -0.15771210147393025 -1.3321157992276118
		-1.8871117380663055e-16 -0.15771210147393025 -1.8838962299191639
		1.3321157992276118 -0.15771210147393025 -1.3321157992276116
		1.8838962299191637 -0.15771210147393025 -2.5690626371208853e-16
		1.3321157992276118 -0.15771210147393025 1.332115799227612
		1.1535537439481343e-16 -0.15771210147393025 1.8838962299191628
		-1.3321157992276118 -0.15771210147393025 1.3321157992276116
		4.0315158402415765 -0.45264285304445478 4.0315158402415774
		3.4911155576665155e-16 -0.45264285304445478 5.7014243781916001
		-4.0315158402415765 -0.45264285304445478 4.0315158402415756
		-5.7014243781916019 -0.45264285304445478 2.9556284656155104e-16
		-4.0315158402415765 -0.45264285304445478 -4.0315158402415765
		-5.7111557934613135e-16 -0.45264285304445478 -5.7014243781916027
		4.0315158402415765 -0.45264285304445478 -4.0315158402415756
		5.7014243781916019 -0.45264285304445478 -7.7750122940745659e-16
		4.0315158402415765 -0.45264285304445478 4.0315158402415774
		3.4911155576665155e-16 -0.45264285304445478 5.7014243781916001
		-4.0315158402415765 -0.45264285304445478 4.0315158402415756
		2.8579950519184956 1.7593376243826213 2.857995051918496
		2.4748981238998934e-16 1.7593376243826213 4.0418153636183334
		-2.8579950519184956 1.7593376243826213 2.8579950519184951
		-4.0418153636183343 1.7593376243826213 2.0952842218108246e-16
		-2.8579950519184956 1.7593376243826213 -2.8579950519184956
		-4.0487140929774966e-16 1.7593376243826213 -4.0418153636183352
		2.8579950519184956 1.7593376243826213 -2.8579950519184951
		4.0418153636183343 1.7593376243826213 -5.5118093406124521e-16
		2.8579950519184956 1.7593376243826213 2.857995051918496
		2.4748981238998934e-16 1.7593376243826213 4.0418153636183334
		-2.8579950519184956 1.7593376243826213 2.8579950519184951
		2.3075834146052605 1.6053468385928442 2.307583414605261
		1.9982658331460041e-16 1.6053468385928442 3.2634157612419754
		-2.3075834146052605 1.6053468385928442 2.3075834146052605
		-3.2634157612419767 1.6053468385928442 1.6917604933882283e-16
		-2.3075834146052605 1.6053468385928442 -2.3075834146052605
		-3.2689858875584537e-16 1.6053468385928442 -3.2634157612419772
		2.3075834146052605 1.6053468385928442 -2.3075834146052605
		3.2634157612419767 1.6053468385928442 -4.4503085512082164e-16
		2.3075834146052605 1.6053468385928442 2.307583414605261
		1.9982658331460041e-16 1.6053468385928442 3.2634157612419754
		-2.3075834146052605 1.6053468385928442 2.3075834146052605
		1.4988692087263591 3.6150423279264063 1.4988692087263593
		1.297954868801492e-16 3.6150423279264063 2.1197211632042459
		-1.4988692087263591 3.6150423279264063 1.4988692087263589
		-2.1197211632042467 3.6150423279264063 1.0988671941521536e-16
		-1.4988692087263591 3.6150423279264063 -1.4988692087263591
		-2.1233391866185429e-16 3.6150423279264063 -2.1197211632042472
		1.4988692087263591 3.6150423279264063 -1.4988692087263589
		2.1197211632042467 3.6150423279264063 -2.8906562659962022e-16
		1.4988692087263591 3.6150423279264063 1.4988692087263593
		1.297954868801492e-16 3.6150423279264063 2.1197211632042459
		-1.4988692087263591 3.6150423279264063 1.4988692087263589
		1.8609618614837193 4.4671706353819216 1.8609618614837196
		1.6115111943751034e-16 4.4671706353819216 2.6317975035693562
		-1.8609618614837193 4.4671706353819216 1.8609618614837191
		-2.631797503569357 4.4671706353819216 1.3643284732564812e-16
		-1.8609618614837193 4.4671706353819216 -1.8609618614837193
		-2.6362895590127284e-16 4.4671706353819216 -2.6317975035693579
		1.8609618614837193 4.4671706353819216 -1.8609618614837191
		2.631797503569357 4.4671706353819216 -3.5889729633240867e-16
		1.8609618614837193 4.4671706353819216 1.8609618614837196
		1.6115111943751034e-16 4.4671706353819216 2.6317975035693562
		-1.8609618614837193 4.4671706353819216 1.8609618614837191
		2.4167001916193604 5.9830250111538987 2.4167001916193609
		2.0927561670382618e-16 5.9830250111538987 3.4177301871777561
		-2.4167001916193604 5.9830250111538987 2.4167001916193604
		-3.4177301871777575 5.9830250111538987 1.7717573642921929e-16
		-2.4167001916193604 5.9830250111538987 -2.4167001916193604
		-3.4235637034230096e-16 5.9830250111538987 -3.4177301871777583
		2.4167001916193604 5.9830250111538987 -2.4167001916193604
		3.4177301871777575 5.9830250111538987 -4.6607465890068185e-16
		2.4167001916193604 5.9830250111538987 2.4167001916193609
		2.0927561670382618e-16 5.9830250111538987 3.4177301871777561
		-2.4167001916193604 5.9830250111538987 2.4167001916193604
		3.0374855407498376 6.6949485727251279 3.037485540749838
		2.6303289997400632e-16 6.6949485727251279 4.2956532472405931
		-3.0374855407498376 6.6949485727251279 3.0374855407498371
		-4.2956532472405948 6.6949485727251279 2.2268742289247166e-16
		-3.0374855407498376 6.6949485727251279 -3.0374855407498376
		-4.3029852370786929e-16 6.6949485727251279 -4.2956532472405957
		3.0374855407498376 6.6949485727251279 -3.0374855407498371
		4.2956532472405948 6.6949485727251279 -5.8579671662628436e-16
		3.0374855407498376 6.6949485727251279 3.037485540749838
		2.6303289997400632e-16 6.6949485727251279 4.2956532472405931
		-3.0374855407498376 6.6949485727251279 3.0374855407498371
		3.9651428708814622 7.2545847163952493 3.9651428708814627
		3.4336394828787912e-16 7.2545847163952493 5.6075588247475521
		-3.9651428708814622 7.2545847163952493 3.9651428708814613
		-5.6075588247475538 7.2545847163952493 2.9069683969559701e-16
		-3.9651428708814622 7.2545847163952493 -3.9651428708814622
		-5.6171300266004959e-16 7.2545847163952493 -5.6075588247475556
		3.9651428708814622 7.2545847163952493 -3.9651428708814613
		5.6075588247475538 7.2545847163952493 -7.647008170261374e-16
		3.9651428708814622 7.2545847163952493 3.9651428708814627
		3.4336394828787912e-16 7.2545847163952493 5.6075588247475521
		-3.9651428708814622 7.2545847163952493 3.9651428708814613
		4.1436264983011695 8.8112575571424809 4.1436264983011704
		3.5881984609817663e-16 8.8112575571424809 5.8599727913060491
		-4.1436264983011695 8.8112575571424809 4.1436264983011695
		-5.8599727913060509 8.8112575571424809 3.0378202429495577e-16
		-4.1436264983011695 8.8112575571424809 -4.1436264983011695
		-5.8699748232403061e-16 8.8112575571424809 -5.8599727913060526
		4.1436264983011695 8.8112575571424809 -4.1436264983011695
		5.8599727913060509 8.8112575571424809 -7.9912242052394476e-16
		4.1436264983011695 8.8112575571424809 4.1436264983011704
		3.5881984609817663e-16 8.8112575571424809 5.8599727913060491
		-4.1436264983011695 8.8112575571424809 4.1436264983011695
		4.1321183803399855 10.831190111754898 4.1321183803399864
		3.5782329365374069e-16 10.831190111754898 5.843697854807953
		-4.1321183803399855 10.831190111754898 4.1321183803399855
		-5.8436978548079557 10.831190111754898 3.0293832871295608e-16
		-4.1321183803399855 10.831190111754898 -4.1321183803399855
		-5.8536721080407763e-16 10.831190111754898 -5.8436978548079566
		4.1321183803399855 10.831190111754898 -4.1321183803399855
		5.8436978548079557 10.831190111754898 -7.9690301318001865e-16
		4.1321183803399855 10.831190111754898 4.1321183803399864
		3.5782329365374069e-16 10.831190111754898 5.843697854807953
		-4.1321183803399855 10.831190111754898 4.1321183803399855
		3.6193143563332701 13.468078634011464 3.6193143563332706
		3.1341671862868603e-16 13.468078634011464 5.1184834492181581
		-3.6193143563332701 13.468078634011464 3.6193143563332697
		-5.1184834492181599 13.468078634011464 2.653430858639138e-16
		-3.6193143563332701 13.468078634011464 -3.6193143563332701
		-5.1272198779930498e-16 13.468078634011464 -5.1184834492181608
		3.6193143563332701 13.468078634011464 -3.6193143563332697
		5.1184834492181599 13.468078634011464 -6.9800578074686496e-16
		3.6193143563332701 13.468078634011464 3.6193143563332706
		3.1341671862868603e-16 13.468078634011464 5.1184834492181581
		-3.6193143563332701 13.468078634011464 3.6193143563332697
		2.7478878709948042 14.213993027890348 2.7478878709948047
		2.379550143744006e-16 14.213993027890348 3.8861002950413805
		-2.7478878709948042 14.213993027890348 2.7478878709948038
		-3.8861002950413823 14.213993027890348 2.0145612552883271e-16
		-2.7478878709948042 14.213993027890348 -2.7478878709948042
		-3.8927332437998457e-16 14.213993027890348 -3.8861002950413832
		2.7478878709948042 14.213993027890348 -2.7478878709948038
		3.8861002950413823 14.213993027890348 -5.2994612513894431e-16
		2.7478878709948042 14.213993027890348 2.7478878709948047
		2.379550143744006e-16 14.213993027890348 3.8861002950413805
		-2.7478878709948042 14.213993027890348 2.7478878709948038
		2.2364995392395008 14.626081775237294 2.2364995392395008
		1.9367103207723353e-16 14.626081775237294 3.1628879806336787
		-2.2364995392395008 14.626081775237294 2.2364995392395004
		-3.16288798063368 14.626081775237294 1.6396467144021295e-16
		-2.2364995392395008 14.626081775237294 -2.2364995392395008
		-3.16828652218215e-16 14.626081775237294 -3.1628879806336809
		2.2364995392395008 14.626081775237294 -2.2364995392395004
		3.16288798063368 14.626081775237294 -4.3132191717339864e-16
		2.2364995392395008 14.626081775237294 2.2364995392395008
		1.9367103207723353e-16 14.626081775237294 3.1628879806336787
		-2.2364995392395008 14.626081775237294 2.2364995392395004
		2.1106564041479015 16.392250216192377 2.1106564041479015
		1.8277356958041034e-16 16.392250216192377 2.9849189122555897
		-2.1106564041479015 16.392250216192377 2.110656404147901
		-2.9849189122555906 16.392250216192377 1.5473872350851038e-16
		-2.1106564041479015 16.392250216192377 -2.1106564041479015
		-2.9900136892016265e-16 16.392250216192377 -2.9849189122555915
		2.1106564041479015 16.392250216192377 -2.110656404147901
		2.9849189122555906 16.392250216192377 -4.0705233815561061e-16
		2.1106564041479015 16.392250216192377 2.1106564041479015
		1.8277356958041034e-16 16.392250216192377 2.9849189122555897
		-2.1106564041479015 16.392250216192377 2.110656404147901
		2.364711539406656 16.820319571046277 2.3647115394066565
		2.0477362787991493e-16 16.820319571046277 3.3442071301290515
		-2.364711539406656 16.820319571046277 2.3647115394066556
		-3.3442071301290528 16.820319571046277 1.7336428816861549e-16
		-2.364711539406656 16.820319571046277 -2.364711539406656
		-3.3499151543301105e-16 16.820319571046277 -3.3442071301290537
		2.364711539406656 16.820319571046277 -2.3647115394066556
		3.3442071301290528 16.820319571046277 -4.5604834557031122e-16
		2.364711539406656 16.820319571046277 2.3647115394066565
		2.0477362787991493e-16 16.820319571046277 3.3442071301290515
		-2.364711539406656 16.820319571046277 2.3647115394066556
		3.1587539793735604 17.640992795704385 3.1587539793735608
		2.735342138596498e-16 17.640992795704385 4.4671527178300714
		-3.1587539793735604 17.640992795704385 3.1587539793735595
		-4.4671527178300732 17.640992795704385 2.3157798573236725e-16
		-3.1587539793735604 17.640992795704385 -3.1587539793735604
		-4.4747774297067587e-16 17.640992795704385 -4.4671527178300741
		3.1587539793735604 17.640992795704385 -3.1587539793735595
		4.4671527178300732 17.640992795704385 -6.0918403887791107e-16
		3.1587539793735604 17.640992795704385 3.1587539793735608
		2.735342138596498e-16 17.640992795704385 4.4671527178300714
		-3.1587539793735604 17.640992795704385 3.1587539793735595
		3.586393892622731 17.674624584018005 3.5863938926227314
		3.1056595113626379e-16 17.674624584018005 5.0719268829591018
		-3.586393892622731 17.674624584018005 3.5863938926227301
		-5.0719268829591035 17.674624584018005 2.629295852477708e-16
		-3.586393892622731 17.674624584018005 -3.586393892622731
		-5.0805838471564169e-16 17.674624584018005 -5.0719268829591044
		3.586393892622731 17.674624584018005 -3.5863938926227301
		5.0719268829591035 17.674624584018005 -6.9165687824420877e-16
		3.586393892622731 17.674624584018005 3.5863938926227314
		3.1056595113626379e-16 17.674624584018005 5.0719268829591018
		-3.586393892622731 17.674624584018005 3.5863938926227301
		3.5812535065173523 18.799643118229984 3.5812535065173527
		3.1012081628832967e-16 18.799643118229984 5.0646572792130415
		-3.5812535065173523 18.799643118229984 3.5812535065173519
		-5.0646572792130433 18.799643118229984 2.6255272770585922e-16
		-3.5812535065173523 18.799643118229984 -3.5812535065173523
		-5.0733018353648905e-16 18.799643118229984 -5.0646572792130442
		3.5812535065173523 18.799643118229984 -3.5812535065173519
		5.0646572792130433 18.799643118229984 -6.9066552494809429e-16
		3.5812535065173523 18.799643118229984 3.5812535065173527
		3.1012081628832967e-16 18.799643118229984 5.0646572792130415
		-3.5812535065173523 18.799643118229984 3.5812535065173519
		3.1198390073230149 18.634396908564025 3.1198390073230153
		2.7016434828710933e-16 18.634396908564025 4.4121186365768201
		-3.1198390073230149 18.634396908564025 3.1198390073230144
		-4.4121186365768219 18.634396908564025 2.2872500924190825e-16
		-3.1198390073230149 18.634396908564025 -3.1198390073230149
		-4.4196494141200618e-16 18.634396908564025 -4.4121186365768228
		3.1198390073230149 18.634396908564025 -3.1198390073230144
		4.4121186365768219 18.634396908564025 -6.0167906064871909e-16
		3.1198390073230149 18.634396908564025 3.1198390073230153
		2.7016434828710933e-16 18.634396908564025 4.4121186365768201
		-3.1198390073230149 18.634396908564025 3.1198390073230144
		2.4168395345640739 17.962341319460084 2.4168395345640743
		2.0928768319051297e-16 17.962341319460084 3.4179272478599905
		-2.4168395345640739 17.962341319460084 2.4168395345640734
		-3.4179272478599918 17.962341319460084 1.7718595208978463e-16
		-2.4168395345640739 17.962341319460084 -2.4168395345640739
		-3.4237611004561634e-16 17.962341319460084 -3.4179272478599927
		2.4168395345640739 17.962341319460084 -2.4168395345640734
		3.4179272478599918 17.962341319460084 -4.6610153199634046e-16
		2.4168395345640739 17.962341319460084 2.4168395345640743
		2.0928768319051297e-16 17.962341319460084 3.4179272478599905
		-2.4168395345640739 17.962341319460084 2.4168395345640734
		2.0497316211835654 17.279437725538703 2.0497316211835659
		1.7749775110213038e-16 17.279437725538703 2.8987582579027888
		-2.0497316211835654 17.279437725538703 2.0497316211835654
		-2.8987582579027897 17.279437725538703 1.5027213997202979e-16
		-2.0497316211835654 17.279437725538703 -2.0497316211835654
		-2.9037059724567284e-16 17.279437725538703 -2.8987582579027902
		2.0497316211835654 17.279437725538703 -2.0497316211835654
		2.8987582579027897 17.279437725538703 -3.9530264014293578e-16
		2.0497316211835654 17.279437725538703 2.0497316211835659
		1.7749775110213038e-16 17.279437725538703 2.8987582579027888
		-2.0497316211835654 17.279437725538703 2.0497316211835654
		1.2870120572400547 16.037285452358539 1.287012057240055
		1.1144958854151263e-16 16.037285452358539 1.8201099062865829
		-1.2870120572400547 16.037285452358539 1.2870120572400545
		-1.8201099062865835 16.037285452358539 9.4354818949220488e-17
		-1.2870120572400547 16.037285452358539 -1.2870120572400547
		-1.8232165414289074e-16 16.037285452358539 -1.820109906286584
		1.2870120572400547 16.037285452358539 -1.2870120572400545
		1.8201099062865835 16.037285452358539 -2.4820774527985019e-16
		1.2870120572400547 16.037285452358539 1.287012057240055
		1.1144958854151263e-16 16.037285452358539 1.8201099062865829
		-1.2870120572400547 16.037285452358539 1.2870120572400545
		1.6078391648166004 14.616053843355132 1.6078391648166006
		1.392318062225552e-16 14.616053843355132 2.2738279529982655
		-1.6078391648166004 14.616053843355132 1.6078391648166002
		-2.2738279529982663 14.616053843355132 1.1787564261135713e-16
		-1.6078391648166004 14.616053843355132 -1.6078391648166004
		-2.277709011939808e-16 14.616053843355132 -2.2738279529982668
		1.6078391648166004 14.616053843355132 -1.6078391648166002
		2.2738279529982663 14.616053843355132 -3.1008111511214022e-16
		1.6078391648166004 14.616053843355132 1.6078391648166006
		1.392318062225552e-16 14.616053843355132 2.2738279529982655
		-1.6078391648166004 14.616053843355132 1.6078391648166002
		0.029161110413344203 14.842533060969894 0.02916111041334421
		2.5252240168987315e-18 14.842533060969894 0.041240037840410651
		-0.029161110413344203 14.842533060969894 0.0291611104133442
		-0.041240037840410665 14.842533060969894 2.1378908440918435e-18
		-0.029161110413344203 14.842533060969894 -0.029161110413344203
		-4.1310427958272929e-18 14.842533060969894 -0.041240037840410679
		0.029161110413344203 14.842533060969894 -0.0291611104133442
		0.041240037840410665 14.842533060969894 -5.6238893993538427e-18
		0.029161110413344203 14.842533060969894 0.02916111041334421
		2.5252240168987315e-18 14.842533060969894 0.041240037840410651
		-0.029161110413344203 14.842533060969894 0.0291611104133442
		-0.76017791678828373 14.955772669777275 -0.76017791678828384
		-6.5828067085929492e-17 14.955772669777275 -1.0750539197385165
		0.76017791678828373 14.955772669777275 -0.76017791678828361
		1.0750539197385169 14.955772669777275 -5.5730985039540793e-17
		0.76017791678828373 14.955772669777275 0.76017791678828373
		1.0768888640324945e-16 14.955772669777275 1.0750539197385172
		-0.76017791678828373 14.955772669777275 0.76017791678828361
		-1.0750539197385169 14.955772669777275 1.4660472345703931e-16
		-0.76017791678828373 14.955772669777275 -0.76017791678828384
		-6.5828067085929492e-17 14.955772669777275 -1.0750539197385165
		0.76017791678828373 14.955772669777275 -0.76017791678828361
		
		;
createNode transform -n "loftedSurface1" -p "revolvedSurface2";
	rename -uid "586325F3-4961-2208-9FCC-93A668F81CC0";
	setAttr ".t" -type "double3" 17.192906752738079 -20.562962394673015 -10.835633007587559 ;
	setAttr ".r" -type "double3" -16.281683013408188 -49.709652882084981 10.92377620985495 ;
	setAttr ".s" -type "double3" 1.551542998281769 1.551542998281769 1.551542998281769 ;
	setAttr ".rp" -type "double3" 0.066533733890073235 34.247399346061201 25.23083900120163 ;
	setAttr ".rpt" -type "double3" -18.542236506505471 2.8716124278408368 -15.727608108616215 ;
	setAttr ".sp" -type "double3" 0.042882301015024993 22.073122938898841 16.261772331893546 ;
	setAttr ".spt" -type "double3" 0.023651432875048242 12.17427640716236 8.9690666693080843 ;
createNode mesh -n "loftedSurfaceShape1" -p "loftedSurface1";
	rename -uid "D83FC414-4C53-D4FD-04A8-848AA1F3963F";
	setAttr -k off ".v";
	setAttr ".vir" yes;
	setAttr ".vif" yes;
	setAttr ".uvst[0].uvsn" -type "string" "map1";
	setAttr -s 21 ".uvst[0].uvsp[0:20]" -type "float2" 0 0 1 0 1 1 0 1 0.5
		 0 0.5 1 0.16666667 0 0.16666667 1 0.16666667 0.5 0 0.5 0.5 0.5 0.33333334 0 0.33333334
		 0.5 0.33333334 1 0.66666669 0 0.66666669 1 0.66666669 0.5 1 0.5 0.83333331 0 0.83333331
		 0.5 0.83333331 1;
	setAttr ".cuvs" -type "string" "map1";
	setAttr ".dcc" -type "string" "Ambient+Diffuse";
	setAttr ".covm[0]"  0 1 1;
	setAttr ".cdvm[0]"  0 1 1;
	setAttr -s 21 ".vt[0:20]"  0 26.9830513 16.35088921 0 21.55242538 16.47431183
		 0 21.64499283 15.93433571 0 27.3996048 15.93433571 0 24.34487724 16.93715096 0 25.74881935 15.17836761
		 0 26.11508942 16.62401962 0 27.031049728 15.57035065 -0.46002597 25.97545242 16.13832664
		 0 27.53581047 16.088615417 -0.49682805 23.74318886 16.1966095 0 25.238554 16.83886909
		 -0.58883321 24.72676468 16.17775345 0 26.5262146 15.29036236 0 23.42834473 16.8800087
		 0 24.60800934 15.29036236 -0.29441661 22.97379303 16.18803978 0 21.79927254 16.1194706
		 0 22.49467087 16.70630264 -0.092005193 22.35010529 16.1588974 0 23.19464111 15.57035065;
	setAttr -s 32 ".ed[0:31]"  17 2 1 2 20 1 20 19 1 19 17 1 10 5 1 5 13 1
		 13 12 1 12 10 1 8 7 1 7 3 1 3 9 1 9 8 1 0 6 1 6 8 1 9 0 1 11 4 1 4 10 1 12 11 1 6 11 1
		 12 8 1 13 7 1 16 15 1 15 5 1 10 16 1 4 14 1 14 16 1 18 1 1 1 17 1 19 18 1 14 18 1
		 19 16 1 20 15 1;
	setAttr -s 12 -ch 48 ".fc[0:11]" -type "polyFaces" 
		f 4 0 1 2 3
		mu 0 4 17 2 20 19
		f 4 4 5 6 7
		mu 0 4 10 5 13 12
		f 4 8 9 10 11
		mu 0 4 8 7 3 9
		f 4 12 13 -12 14
		mu 0 4 0 6 8 9
		f 4 15 16 -8 17
		mu 0 4 11 4 10 12
		f 4 18 -18 19 -14
		mu 0 4 6 11 12 8
		f 4 20 -9 -20 -7
		mu 0 4 13 7 8 12
		f 4 21 22 -5 23
		mu 0 4 16 15 5 10
		f 4 24 25 -24 -17
		mu 0 4 4 14 16 10
		f 4 26 27 -4 28
		mu 0 4 18 1 17 19
		f 4 29 -29 30 -26
		mu 0 4 14 18 19 16
		f 4 31 -22 -31 -3
		mu 0 4 20 15 16 19;
	setAttr ".cd" -type "dataPolyComponent" Index_Data Edge 0 ;
	setAttr ".cvd" -type "dataPolyComponent" Index_Data Vertex 0 ;
	setAttr ".pd[0]" -type "dataPolyComponent" Index_Data UV 0 ;
	setAttr ".hfd" -type "dataPolyComponent" Index_Data Face 0 ;
createNode transform -n "loftedSurface2" -p "revolvedSurface2";
	rename -uid "10D4F93D-4114-EF70-4E03-7C99724F6B98";
	setAttr ".t" -type "double3" -0.96654175681350907 -18.457302746350685 -40.021238957375303 ;
	setAttr ".r" -type "double3" 14.97173171484719 14.28629913249849 17.704528638069593 ;
	setAttr ".s" -type "double3" 1.9636574893095655 1.9636574893095655 1.9636574893095655 ;
	setAttr ".rp" -type "double3" 0.084206151546981009 43.344053171419475 31.93255102896984 ;
	setAttr ".rpt" -type "double3" -0.34734495514639097 -8.1332665452788113 8.7925409213130106 ;
	setAttr ".sp" -type "double3" 0.042882301015024993 22.073122938898841 16.261772331893546 ;
	setAttr ".spt" -type "double3" 0.041323850531956016 21.270930232520634 15.670778697076294 ;
createNode mesh -n "loftedSurfaceShape2" -p "loftedSurface2";
	rename -uid "00BE7E87-427F-05DE-63C9-498BCA59562B";
	setAttr -k off ".v";
	setAttr ".vir" yes;
	setAttr ".vif" yes;
	setAttr ".uvst[0].uvsn" -type "string" "map1";
	setAttr -s 21 ".uvst[0].uvsp[0:20]" -type "float2" 0 0 1 0 1 1 0 1 0.5
		 0 0.5 1 0.16666667 0 0.16666667 1 0.16666667 0.5 0 0.5 0.5 0.5 0.33333334 0 0.33333334
		 0.5 0.33333334 1 0.66666669 0 0.66666669 1 0.66666669 0.5 1 0.5 0.83333331 0 0.83333331
		 0.5 0.83333331 1;
	setAttr ".cuvs" -type "string" "map1";
	setAttr ".dcc" -type "string" "Ambient+Diffuse";
	setAttr ".covm[0]"  0 1 1;
	setAttr ".cdvm[0]"  0 1 1;
	setAttr -s 21 ".vt[0:20]"  0 26.9830513 16.35088921 0 21.55242538 16.47431183
		 0 21.64499283 15.93433571 0 27.3996048 15.93433571 0 24.34487724 16.93715096 0 25.74881935 15.17836761
		 0 26.11508942 16.62401962 0 27.031049728 15.57035065 -0.46002597 25.97545242 16.13832664
		 0 27.53581047 16.088615417 -0.49682805 23.74318886 16.1966095 0 25.238554 16.83886909
		 -0.58883321 24.72676468 16.17775345 0 26.5262146 15.29036236 0 23.42834473 16.8800087
		 0 24.60800934 15.29036236 -0.29441661 22.97379303 16.18803978 0 21.79927254 16.1194706
		 0 22.49467087 16.70630264 -0.092005193 22.35010529 16.1588974 0 23.19464111 15.57035065;
	setAttr -s 32 ".ed[0:31]"  17 2 1 2 20 1 20 19 1 19 17 1 10 5 1 5 13 1
		 13 12 1 12 10 1 8 7 1 7 3 1 3 9 1 9 8 1 0 6 1 6 8 1 9 0 1 11 4 1 4 10 1 12 11 1 6 11 1
		 12 8 1 13 7 1 16 15 1 15 5 1 10 16 1 4 14 1 14 16 1 18 1 1 1 17 1 19 18 1 14 18 1
		 19 16 1 20 15 1;
	setAttr -s 12 -ch 48 ".fc[0:11]" -type "polyFaces" 
		f 4 0 1 2 3
		mu 0 4 17 2 20 19
		f 4 4 5 6 7
		mu 0 4 10 5 13 12
		f 4 8 9 10 11
		mu 0 4 8 7 3 9
		f 4 12 13 -12 14
		mu 0 4 0 6 8 9
		f 4 15 16 -8 17
		mu 0 4 11 4 10 12
		f 4 18 -18 19 -14
		mu 0 4 6 11 12 8
		f 4 20 -9 -20 -7
		mu 0 4 13 7 8 12
		f 4 21 22 -5 23
		mu 0 4 16 15 5 10
		f 4 24 25 -24 -17
		mu 0 4 4 14 16 10
		f 4 26 27 -4 28
		mu 0 4 18 1 17 19
		f 4 29 -29 30 -26
		mu 0 4 14 18 19 16
		f 4 31 -22 -31 -3
		mu 0 4 20 15 16 19;
	setAttr ".cd" -type "dataPolyComponent" Index_Data Edge 0 ;
	setAttr ".cvd" -type "dataPolyComponent" Index_Data Vertex 0 ;
	setAttr ".pd[0]" -type "dataPolyComponent" Index_Data UV 0 ;
	setAttr ".hfd" -type "dataPolyComponent" Index_Data Face 0 ;
createNode transform -n "loftedSurface3" -p "revolvedSurface2";
	rename -uid "64FB576F-459F-839E-0613-58A3B415E3A9";
	setAttr ".t" -type "double3" -59.119130294235291 -50.701356075919016 -16.540536172148688 ;
	setAttr ".r" -type "double3" 95.843000311911169 75.151937069801235 91.194651195749117 ;
	setAttr ".s" -type "double3" 3.308350063641941 3.308350063641941 3.308350063641941 ;
	setAttr ".rp" -type "double3" 0.14186966329217082 73.025617679682369 53.79963552915077 ;
	setAttr ".rpt" -type "double3" 59.444812529382077 -6.8061461676767703 -36.724195695580505 ;
	setAttr ".sp" -type "double3" 0.042882301015024993 22.073122938898841 16.261772331893546 ;
	setAttr ".spt" -type "double3" 0.098987362277145829 50.952494740783528 37.537863197257224 ;
createNode mesh -n "loftedSurfaceShape3" -p "loftedSurface3";
	rename -uid "CFA190A5-41E2-C946-EBF2-75B695C99BC3";
	setAttr -k off ".v";
	setAttr ".vir" yes;
	setAttr ".vif" yes;
	setAttr ".uvst[0].uvsn" -type "string" "map1";
	setAttr -s 21 ".uvst[0].uvsp[0:20]" -type "float2" 0 0 1 0 1 1 0 1 0.5
		 0 0.5 1 0.16666667 0 0.16666667 1 0.16666667 0.5 0 0.5 0.5 0.5 0.33333334 0 0.33333334
		 0.5 0.33333334 1 0.66666669 0 0.66666669 1 0.66666669 0.5 1 0.5 0.83333331 0 0.83333331
		 0.5 0.83333331 1;
	setAttr ".cuvs" -type "string" "map1";
	setAttr ".dcc" -type "string" "Ambient+Diffuse";
	setAttr ".covm[0]"  0 1 1;
	setAttr ".cdvm[0]"  0 1 1;
	setAttr -s 21 ".vt[0:20]"  0 26.9830513 16.35088921 0 21.55242538 16.47431183
		 0 21.64499283 15.93433571 0 27.3996048 15.93433571 0 24.34487724 16.93715096 0 25.74881935 15.17836761
		 0 26.11508942 16.62401962 0 27.031049728 15.57035065 -0.46002597 25.97545242 16.13832664
		 0 27.53581047 16.088615417 -0.49682805 23.74318886 16.1966095 0 25.238554 16.83886909
		 -0.58883321 24.72676468 16.17775345 0 26.5262146 15.29036236 0 23.42834473 16.8800087
		 0 24.60800934 15.29036236 -0.29441661 22.97379303 16.18803978 0 21.79927254 16.1194706
		 0 22.49467087 16.70630264 -0.092005193 22.35010529 16.1588974 0 23.19464111 15.57035065;
	setAttr -s 32 ".ed[0:31]"  17 2 1 2 20 1 20 19 1 19 17 1 10 5 1 5 13 1
		 13 12 1 12 10 1 8 7 1 7 3 1 3 9 1 9 8 1 0 6 1 6 8 1 9 0 1 11 4 1 4 10 1 12 11 1 6 11 1
		 12 8 1 13 7 1 16 15 1 15 5 1 10 16 1 4 14 1 14 16 1 18 1 1 1 17 1 19 18 1 14 18 1
		 19 16 1 20 15 1;
	setAttr -s 12 -ch 48 ".fc[0:11]" -type "polyFaces" 
		f 4 0 1 2 3
		mu 0 4 17 2 20 19
		f 4 4 5 6 7
		mu 0 4 10 5 13 12
		f 4 8 9 10 11
		mu 0 4 8 7 3 9
		f 4 12 13 -12 14
		mu 0 4 0 6 8 9
		f 4 15 16 -8 17
		mu 0 4 11 4 10 12
		f 4 18 -18 19 -14
		mu 0 4 6 11 12 8
		f 4 20 -9 -20 -7
		mu 0 4 13 7 8 12
		f 4 21 22 -5 23
		mu 0 4 16 15 5 10
		f 4 24 25 -24 -17
		mu 0 4 4 14 16 10
		f 4 26 27 -4 28
		mu 0 4 18 1 17 19
		f 4 29 -29 30 -26
		mu 0 4 14 18 19 16
		f 4 31 -22 -31 -3
		mu 0 4 20 15 16 19;
	setAttr ".cd" -type "dataPolyComponent" Index_Data Edge 0 ;
	setAttr ".cvd" -type "dataPolyComponent" Index_Data Vertex 0 ;
	setAttr ".pd[0]" -type "dataPolyComponent" Index_Data UV 0 ;
	setAttr ".hfd" -type "dataPolyComponent" Index_Data Face 0 ;
createNode transform -n "loftedSurface4" -p "revolvedSurface2";
	rename -uid "70BEAF7C-45C0-7CF8-172A-EC96A0F51DBA";
	setAttr ".t" -type "double3" 21.102852553357206 -45.180621775241455 -37.843583136049858 ;
	setAttr ".r" -type "double3" -2.3905149870848761 -26.089175933974843 3.238761929587977 ;
	setAttr ".s" -type "double3" 2.7800947965912495 2.7800947965912499 2.7800947965912499 ;
	setAttr ".rp" -type "double3" 0.11921686191773066 61.365374226951623 45.209268643248798 ;
	setAttr ".rpt" -type "double3" -22.291600769790559 0.67871307234733358 -6.8880217823976437 ;
	setAttr ".sp" -type "double3" 0.042882301015024993 22.073122938898841 16.261772331893546 ;
	setAttr ".spt" -type "double3" 0.07633456090270567 39.292251288052782 28.947496311355252 ;
createNode mesh -n "loftedSurfaceShape4" -p "loftedSurface4";
	rename -uid "FD60D054-40F4-C4D8-AB2F-DEA14A7489D9";
	setAttr -k off ".v";
	setAttr ".vir" yes;
	setAttr ".vif" yes;
	setAttr ".uvst[0].uvsn" -type "string" "map1";
	setAttr -s 21 ".uvst[0].uvsp[0:20]" -type "float2" 0 0 1 0 1 1 0 1 0.5
		 0 0.5 1 0.16666667 0 0.16666667 1 0.16666667 0.5 0 0.5 0.5 0.5 0.33333334 0 0.33333334
		 0.5 0.33333334 1 0.66666669 0 0.66666669 1 0.66666669 0.5 1 0.5 0.83333331 0 0.83333331
		 0.5 0.83333331 1;
	setAttr ".cuvs" -type "string" "map1";
	setAttr ".dcc" -type "string" "Ambient+Diffuse";
	setAttr ".covm[0]"  0 1 1;
	setAttr ".cdvm[0]"  0 1 1;
	setAttr -s 21 ".vt[0:20]"  0 26.9830513 16.35088921 0 21.55242538 16.47431183
		 0 21.64499283 15.93433571 0 27.3996048 15.93433571 0 24.34487724 16.93715096 0 25.74881935 15.17836761
		 0 26.11508942 16.62401962 0 27.031049728 15.57035065 -0.46002597 25.97545242 16.13832664
		 0 27.53581047 16.088615417 -0.49682805 23.74318886 16.1966095 0 25.238554 16.83886909
		 -0.58883321 24.72676468 16.17775345 0 26.5262146 15.29036236 0 23.42834473 16.8800087
		 0 24.60800934 15.29036236 -0.29441661 22.97379303 16.18803978 0 21.79927254 16.1194706
		 0 22.49467087 16.70630264 -0.092005193 22.35010529 16.1588974 0 23.19464111 15.57035065;
	setAttr -s 32 ".ed[0:31]"  17 2 1 2 20 1 20 19 1 19 17 1 10 5 1 5 13 1
		 13 12 1 12 10 1 8 7 1 7 3 1 3 9 1 9 8 1 0 6 1 6 8 1 9 0 1 11 4 1 4 10 1 12 11 1 6 11 1
		 12 8 1 13 7 1 16 15 1 15 5 1 10 16 1 4 14 1 14 16 1 18 1 1 1 17 1 19 18 1 14 18 1
		 19 16 1 20 15 1;
	setAttr -s 12 -ch 48 ".fc[0:11]" -type "polyFaces" 
		f 4 0 1 2 3
		mu 0 4 17 2 20 19
		f 4 4 5 6 7
		mu 0 4 10 5 13 12
		f 4 8 9 10 11
		mu 0 4 8 7 3 9
		f 4 12 13 -12 14
		mu 0 4 0 6 8 9
		f 4 15 16 -8 17
		mu 0 4 11 4 10 12
		f 4 18 -18 19 -14
		mu 0 4 6 11 12 8
		f 4 20 -9 -20 -7
		mu 0 4 13 7 8 12
		f 4 21 22 -5 23
		mu 0 4 16 15 5 10
		f 4 24 25 -24 -17
		mu 0 4 4 14 16 10
		f 4 26 27 -4 28
		mu 0 4 18 1 17 19
		f 4 29 -29 30 -26
		mu 0 4 14 18 19 16
		f 4 31 -22 -31 -3
		mu 0 4 20 15 16 19;
	setAttr ".cd" -type "dataPolyComponent" Index_Data Edge 0 ;
	setAttr ".cvd" -type "dataPolyComponent" Index_Data Vertex 0 ;
	setAttr ".pd[0]" -type "dataPolyComponent" Index_Data UV 0 ;
	setAttr ".hfd" -type "dataPolyComponent" Index_Data Face 0 ;
createNode transform -n "loftedSurface5" -p "revolvedSurface2";
	rename -uid "8EC004E6-4D93-3DCC-A451-D49C8C96182E";
	setAttr ".t" -type "double3" -5.4697787487724234 -20.456087492299112 -28.070861229433714 ;
	setAttr ".r" -type "double3" 4.9797356509019233 7.5428226988340645 -3.0346343155090207 ;
	setAttr ".s" -type "double3" 1.551542998281769 1.7505604897729259 1.551542998281769 ;
	setAttr ".rp" -type "double3" 0.066533733890073235 38.640336902736756 25.23083900120163 ;
	setAttr ".rpt" -type "double3" 5.6557903681229416 -2.5883546000232847 3.003623598884428 ;
	setAttr ".sp" -type "double3" 0.042882301015024993 22.073122938898841 16.261772331893546 ;
	setAttr ".spt" -type "double3" 0.023651432875048242 16.567213963837915 8.9690666693080843 ;
createNode mesh -n "loftedSurfaceShape5" -p "loftedSurface5";
	rename -uid "B10318D1-4D23-14F3-D5AB-0C8B542DF405";
	setAttr -k off ".v";
	setAttr ".vir" yes;
	setAttr ".vif" yes;
	setAttr ".uvst[0].uvsn" -type "string" "map1";
	setAttr -s 21 ".uvst[0].uvsp[0:20]" -type "float2" 0 0 1 0 1 1 0 1 0.5
		 0 0.5 1 0.16666667 0 0.16666667 1 0.16666667 0.5 0 0.5 0.5 0.5 0.33333334 0 0.33333334
		 0.5 0.33333334 1 0.66666669 0 0.66666669 1 0.66666669 0.5 1 0.5 0.83333331 0 0.83333331
		 0.5 0.83333331 1;
	setAttr ".cuvs" -type "string" "map1";
	setAttr ".dcc" -type "string" "Ambient+Diffuse";
	setAttr ".covm[0]"  0 1 1;
	setAttr ".cdvm[0]"  0 1 1;
	setAttr -s 21 ".vt[0:20]"  0 26.9830513 16.35088921 0 21.55242538 16.47431183
		 0 21.64499283 15.93433571 0 27.3996048 15.93433571 0 24.34487724 16.93715096 0 25.74881935 15.17836761
		 0 26.11508942 16.62401962 0 27.031049728 15.57035065 -0.46002597 25.97545242 16.13832664
		 0 27.53581047 16.088615417 -0.49682805 23.74318886 16.1966095 0 25.238554 16.83886909
		 -0.58883321 24.72676468 16.17775345 0 26.5262146 15.29036236 0 23.42834473 16.8800087
		 0 24.60800934 15.29036236 -0.29441661 22.97379303 16.18803978 0 21.79927254 16.1194706
		 0 22.49467087 16.70630264 -0.092005193 22.35010529 16.1588974 0 23.19464111 15.57035065;
	setAttr -s 32 ".ed[0:31]"  17 2 1 2 20 1 20 19 1 19 17 1 10 5 1 5 13 1
		 13 12 1 12 10 1 8 7 1 7 3 1 3 9 1 9 8 1 0 6 1 6 8 1 9 0 1 11 4 1 4 10 1 12 11 1 6 11 1
		 12 8 1 13 7 1 16 15 1 15 5 1 10 16 1 4 14 1 14 16 1 18 1 1 1 17 1 19 18 1 14 18 1
		 19 16 1 20 15 1;
	setAttr -s 12 -ch 48 ".fc[0:11]" -type "polyFaces" 
		f 4 0 1 2 3
		mu 0 4 17 2 20 19
		f 4 4 5 6 7
		mu 0 4 10 5 13 12
		f 4 8 9 10 11
		mu 0 4 8 7 3 9
		f 4 12 13 -12 14
		mu 0 4 0 6 8 9
		f 4 15 16 -8 17
		mu 0 4 11 4 10 12
		f 4 18 -18 19 -14
		mu 0 4 6 11 12 8
		f 4 20 -9 -20 -7
		mu 0 4 13 7 8 12
		f 4 21 22 -5 23
		mu 0 4 16 15 5 10
		f 4 24 25 -24 -17
		mu 0 4 4 14 16 10
		f 4 26 27 -4 28
		mu 0 4 18 1 17 19
		f 4 29 -29 30 -26
		mu 0 4 14 18 19 16
		f 4 31 -22 -31 -3
		mu 0 4 20 15 16 19;
	setAttr ".cd" -type "dataPolyComponent" Index_Data Edge 0 ;
	setAttr ".cvd" -type "dataPolyComponent" Index_Data Vertex 0 ;
	setAttr ".pd[0]" -type "dataPolyComponent" Index_Data UV 0 ;
	setAttr ".hfd" -type "dataPolyComponent" Index_Data Face 0 ;
createNode transform -n "loftedSurface6" -p "revolvedSurface2";
	rename -uid "0EA95074-4434-F750-468D-3981E0218E98";
	setAttr ".t" -type "double3" 24.268367138226896 -31.262213916426223 11.364444737499802 ;
	setAttr ".r" -type "double3" -62.832562280211548 -61.242215284536897 50.146923146944665 ;
	setAttr ".s" -type "double3" 1.9636574893095653 1.9636574893095655 1.9636574893095653 ;
	setAttr ".rp" -type "double3" 0.084206151546980995 43.344053171419475 31.932551028969833 ;
	setAttr ".rpt" -type "double3" -23.588372449721103 3.7147416641245723 -43.396662266850797 ;
	setAttr ".sp" -type "double3" 0.042882301015024993 22.073122938898841 16.261772331893546 ;
	setAttr ".spt" -type "double3" 0.041323850531956002 21.270930232520634 15.670778697076287 ;
createNode mesh -n "loftedSurfaceShape6" -p "loftedSurface6";
	rename -uid "735B27A3-4351-12C1-21E6-ABAE9319A011";
	setAttr -k off ".v";
	setAttr ".vir" yes;
	setAttr ".vif" yes;
	setAttr ".uvst[0].uvsn" -type "string" "map1";
	setAttr -s 21 ".uvst[0].uvsp[0:20]" -type "float2" 0 0 1 0 1 1 0 1 0.5
		 0 0.5 1 0.16666667 0 0.16666667 1 0.16666667 0.5 0 0.5 0.5 0.5 0.33333334 0 0.33333334
		 0.5 0.33333334 1 0.66666669 0 0.66666669 1 0.66666669 0.5 1 0.5 0.83333331 0 0.83333331
		 0.5 0.83333331 1;
	setAttr ".cuvs" -type "string" "map1";
	setAttr ".dcc" -type "string" "Ambient+Diffuse";
	setAttr ".covm[0]"  0 1 1;
	setAttr ".cdvm[0]"  0 1 1;
	setAttr -s 21 ".vt[0:20]"  0 26.9830513 16.35088921 0 21.55242538 16.47431183
		 0 21.64499283 15.93433571 0 27.3996048 15.93433571 0 24.34487724 16.93715096 0 25.74881935 15.17836761
		 0 26.11508942 16.62401962 0 27.031049728 15.57035065 -0.46002597 25.97545242 16.13832664
		 0 27.53581047 16.088615417 -0.49682805 23.74318886 16.1966095 0 25.238554 16.83886909
		 -0.58883321 24.72676468 16.17775345 0 26.5262146 15.29036236 0 23.42834473 16.8800087
		 0 24.60800934 15.29036236 -0.29441661 22.97379303 16.18803978 0 21.79927254 16.1194706
		 0 22.49467087 16.70630264 -0.092005193 22.35010529 16.1588974 0 23.19464111 15.57035065;
	setAttr -s 32 ".ed[0:31]"  17 2 1 2 20 1 20 19 1 19 17 1 10 5 1 5 13 1
		 13 12 1 12 10 1 8 7 1 7 3 1 3 9 1 9 8 1 0 6 1 6 8 1 9 0 1 11 4 1 4 10 1 12 11 1 6 11 1
		 12 8 1 13 7 1 16 15 1 15 5 1 10 16 1 4 14 1 14 16 1 18 1 1 1 17 1 19 18 1 14 18 1
		 19 16 1 20 15 1;
	setAttr -s 12 -ch 48 ".fc[0:11]" -type "polyFaces" 
		f 4 0 1 2 3
		mu 0 4 17 2 20 19
		f 4 4 5 6 7
		mu 0 4 10 5 13 12
		f 4 8 9 10 11
		mu 0 4 8 7 3 9
		f 4 12 13 -12 14
		mu 0 4 0 6 8 9
		f 4 15 16 -8 17
		mu 0 4 11 4 10 12
		f 4 18 -18 19 -14
		mu 0 4 6 11 12 8
		f 4 20 -9 -20 -7
		mu 0 4 13 7 8 12
		f 4 21 22 -5 23
		mu 0 4 16 15 5 10
		f 4 24 25 -24 -17
		mu 0 4 4 14 16 10
		f 4 26 27 -4 28
		mu 0 4 18 1 17 19
		f 4 29 -29 30 -26
		mu 0 4 14 18 19 16
		f 4 31 -22 -31 -3
		mu 0 4 20 15 16 19;
	setAttr ".cd" -type "dataPolyComponent" Index_Data Edge 0 ;
	setAttr ".cvd" -type "dataPolyComponent" Index_Data Vertex 0 ;
	setAttr ".pd[0]" -type "dataPolyComponent" Index_Data UV 0 ;
	setAttr ".hfd" -type "dataPolyComponent" Index_Data Face 0 ;
createNode lightLinker -s -n "lightLinker1";
	rename -uid "D1755B61-4787-D9D2-BD27-5B92621918F4";
	setAttr -s 2 ".lnk";
	setAttr -s 2 ".slnk";
createNode shapeEditorManager -n "shapeEditorManager";
	rename -uid "F33DF57F-4D1D-1C6D-6E5F-3F89D51D989B";
createNode poseInterpolatorManager -n "poseInterpolatorManager";
	rename -uid "7026574E-4AA0-C84B-5DC8-4190A4D49808";
createNode displayLayerManager -n "layerManager";
	rename -uid "29D75B7B-4704-2483-DAF1-5DAC9601528E";
createNode displayLayer -n "defaultLayer";
	rename -uid "B02F7D54-473D-9AC4-2FB8-6796C0BA814F";
	setAttr ".ufem" -type "stringArray" 0  ;
createNode renderLayerManager -n "renderLayerManager";
	rename -uid "849CE839-4296-7621-EB57-AD9797207A63";
createNode renderLayer -n "defaultRenderLayer";
	rename -uid "72F90EAD-4E49-3F05-A905-FEBCC663D585";
	setAttr ".g" yes;
createNode script -n "uiConfigurationScriptNode";
	rename -uid "B85B6B0D-424B-7854-8B32-C988227B9184";
	setAttr ".b" -type "string" (
		"// Maya Mel UI Configuration File.\n//\n//  This script is machine generated.  Edit at your own risk.\n//\n//\n\nglobal string $gMainPane;\nif (`paneLayout -exists $gMainPane`) {\n\n\tglobal int $gUseScenePanelConfig;\n\tint    $useSceneConfig = $gUseScenePanelConfig;\n\tint    $nodeEditorPanelVisible = stringArrayContains(\"nodeEditorPanel1\", `getPanel -vis`);\n\tint    $nodeEditorWorkspaceControlOpen = (`workspaceControl -exists nodeEditorPanel1Window` && `workspaceControl -q -visible nodeEditorPanel1Window`);\n\tint    $menusOkayInPanels = `optionVar -q allowMenusInPanels`;\n\tint    $nVisPanes = `paneLayout -q -nvp $gMainPane`;\n\tint    $nPanes = 0;\n\tstring $editorName;\n\tstring $panelName;\n\tstring $itemFilterName;\n\tstring $panelConfig;\n\n\t//\n\t//  get current state of the UI\n\t//\n\tsceneUIReplacement -update $gMainPane;\n\n\t$panelName = `sceneUIReplacement -getNextPanel \"modelPanel\" (localizedPanelLabel(\"Top View\")) `;\n\tif (\"\" != $panelName) {\n\t\t$label = `panel -q -label $panelName`;\n\t\tmodelPanel -edit -l (localizedPanelLabel(\"Top View\")) -mbv $menusOkayInPanels  $panelName;\n"
		+ "\t\t$editorName = $panelName;\n        modelEditor -e \n            -camera \"|top\" \n            -useInteractiveMode 0\n            -displayLights \"default\" \n            -displayAppearance \"smoothShaded\" \n            -activeOnly 0\n            -ignorePanZoom 0\n            -wireframeOnShaded 0\n            -headsUpDisplay 1\n            -holdOuts 1\n            -selectionHiliteDisplay 1\n            -useDefaultMaterial 0\n            -bufferMode \"double\" \n            -twoSidedLighting 0\n            -backfaceCulling 0\n            -xray 0\n            -jointXray 0\n            -activeComponentsXray 0\n            -displayTextures 0\n            -smoothWireframe 0\n            -lineWidth 1\n            -textureAnisotropic 0\n            -textureHilight 1\n            -textureSampling 2\n            -textureDisplay \"modulate\" \n            -textureMaxSize 32768\n            -fogging 0\n            -fogSource \"fragment\" \n            -fogMode \"linear\" \n            -fogStart 0\n            -fogEnd 100\n            -fogDensity 0.1\n            -fogColor 0.5 0.5 0.5 1 \n"
		+ "            -depthOfFieldPreview 1\n            -maxConstantTransparency 1\n            -rendererName \"vp2Renderer\" \n            -objectFilterShowInHUD 1\n            -isFiltered 0\n            -colorResolution 256 256 \n            -bumpResolution 512 512 \n            -textureCompression 0\n            -transparencyAlgorithm \"frontAndBackCull\" \n            -transpInShadows 0\n            -cullingOverride \"none\" \n            -lowQualityLighting 0\n            -maximumNumHardwareLights 1\n            -occlusionCulling 0\n            -shadingModel 0\n            -useBaseRenderer 0\n            -useReducedRenderer 0\n            -smallObjectCulling 0\n            -smallObjectThreshold -1 \n            -interactiveDisableShadows 0\n            -interactiveBackFaceCull 0\n            -sortTransparent 1\n            -controllers 1\n            -nurbsCurves 1\n            -nurbsSurfaces 1\n            -polymeshes 1\n            -subdivSurfaces 1\n            -planes 1\n            -lights 1\n            -cameras 1\n            -controlVertices 1\n"
		+ "            -hulls 1\n            -grid 1\n            -imagePlane 1\n            -joints 1\n            -ikHandles 1\n            -deformers 1\n            -dynamics 1\n            -particleInstancers 1\n            -fluids 1\n            -hairSystems 1\n            -follicles 1\n            -nCloths 1\n            -nParticles 1\n            -nRigids 1\n            -dynamicConstraints 1\n            -locators 1\n            -manipulators 1\n            -pluginShapes 1\n            -dimensions 1\n            -handles 1\n            -pivots 1\n            -textures 1\n            -strokes 1\n            -motionTrails 1\n            -clipGhosts 1\n            -bluePencil 1\n            -greasePencils 0\n            -excludeObjectPreset \"All\" \n            -shadows 0\n            -captureSequenceNumber -1\n            -width 1122\n            -height 669\n            -sceneRenderFilter 0\n            $editorName;\n        modelEditor -e -viewSelected 0 $editorName;\n        modelEditor -e \n            -pluginObjects \"gpuCacheDisplayFilter\" 1 \n            -pluginObjects \"mayaUsdProxyShapeBaseDisplayFilter\" 1 \n"
		+ "            $editorName;\n\t\tif (!$useSceneConfig) {\n\t\t\tpanel -e -l $label $panelName;\n\t\t}\n\t}\n\n\n\t$panelName = `sceneUIReplacement -getNextPanel \"modelPanel\" (localizedPanelLabel(\"Side View\")) `;\n\tif (\"\" != $panelName) {\n\t\t$label = `panel -q -label $panelName`;\n\t\tmodelPanel -edit -l (localizedPanelLabel(\"Side View\")) -mbv $menusOkayInPanels  $panelName;\n\t\t$editorName = $panelName;\n        modelEditor -e \n            -camera \"|side\" \n            -useInteractiveMode 0\n            -displayLights \"default\" \n            -displayAppearance \"smoothShaded\" \n            -activeOnly 0\n            -ignorePanZoom 0\n            -wireframeOnShaded 0\n            -headsUpDisplay 1\n            -holdOuts 1\n            -selectionHiliteDisplay 1\n            -useDefaultMaterial 0\n            -bufferMode \"double\" \n            -twoSidedLighting 0\n            -backfaceCulling 0\n            -xray 0\n            -jointXray 0\n            -activeComponentsXray 0\n            -displayTextures 0\n            -smoothWireframe 0\n            -lineWidth 1\n"
		+ "            -textureAnisotropic 0\n            -textureHilight 1\n            -textureSampling 2\n            -textureDisplay \"modulate\" \n            -textureMaxSize 32768\n            -fogging 0\n            -fogSource \"fragment\" \n            -fogMode \"linear\" \n            -fogStart 0\n            -fogEnd 100\n            -fogDensity 0.1\n            -fogColor 0.5 0.5 0.5 1 \n            -depthOfFieldPreview 1\n            -maxConstantTransparency 1\n            -rendererName \"vp2Renderer\" \n            -objectFilterShowInHUD 1\n            -isFiltered 0\n            -colorResolution 256 256 \n            -bumpResolution 512 512 \n            -textureCompression 0\n            -transparencyAlgorithm \"frontAndBackCull\" \n            -transpInShadows 0\n            -cullingOverride \"none\" \n            -lowQualityLighting 0\n            -maximumNumHardwareLights 1\n            -occlusionCulling 0\n            -shadingModel 0\n            -useBaseRenderer 0\n            -useReducedRenderer 0\n            -smallObjectCulling 0\n            -smallObjectThreshold -1 \n"
		+ "            -interactiveDisableShadows 0\n            -interactiveBackFaceCull 0\n            -sortTransparent 1\n            -controllers 1\n            -nurbsCurves 1\n            -nurbsSurfaces 1\n            -polymeshes 1\n            -subdivSurfaces 1\n            -planes 1\n            -lights 1\n            -cameras 1\n            -controlVertices 1\n            -hulls 1\n            -grid 1\n            -imagePlane 1\n            -joints 1\n            -ikHandles 1\n            -deformers 1\n            -dynamics 1\n            -particleInstancers 1\n            -fluids 1\n            -hairSystems 1\n            -follicles 1\n            -nCloths 1\n            -nParticles 1\n            -nRigids 1\n            -dynamicConstraints 1\n            -locators 1\n            -manipulators 1\n            -pluginShapes 1\n            -dimensions 1\n            -handles 1\n            -pivots 1\n            -textures 1\n            -strokes 1\n            -motionTrails 1\n            -clipGhosts 1\n            -bluePencil 1\n            -greasePencils 0\n"
		+ "            -excludeObjectPreset \"All\" \n            -shadows 0\n            -captureSequenceNumber -1\n            -width 1121\n            -height 668\n            -sceneRenderFilter 0\n            $editorName;\n        modelEditor -e -viewSelected 0 $editorName;\n        modelEditor -e \n            -pluginObjects \"gpuCacheDisplayFilter\" 1 \n            -pluginObjects \"mayaUsdProxyShapeBaseDisplayFilter\" 1 \n            $editorName;\n\t\tif (!$useSceneConfig) {\n\t\t\tpanel -e -l $label $panelName;\n\t\t}\n\t}\n\n\n\t$panelName = `sceneUIReplacement -getNextPanel \"modelPanel\" (localizedPanelLabel(\"Front View\")) `;\n\tif (\"\" != $panelName) {\n\t\t$label = `panel -q -label $panelName`;\n\t\tmodelPanel -edit -l (localizedPanelLabel(\"Front View\")) -mbv $menusOkayInPanels  $panelName;\n\t\t$editorName = $panelName;\n        modelEditor -e \n            -camera \"|front\" \n            -useInteractiveMode 0\n            -displayLights \"default\" \n            -displayAppearance \"smoothShaded\" \n            -activeOnly 0\n            -ignorePanZoom 0\n            -wireframeOnShaded 0\n"
		+ "            -headsUpDisplay 1\n            -holdOuts 1\n            -selectionHiliteDisplay 1\n            -useDefaultMaterial 0\n            -bufferMode \"double\" \n            -twoSidedLighting 0\n            -backfaceCulling 0\n            -xray 0\n            -jointXray 0\n            -activeComponentsXray 0\n            -displayTextures 0\n            -smoothWireframe 0\n            -lineWidth 1\n            -textureAnisotropic 0\n            -textureHilight 1\n            -textureSampling 2\n            -textureDisplay \"modulate\" \n            -textureMaxSize 32768\n            -fogging 0\n            -fogSource \"fragment\" \n            -fogMode \"linear\" \n            -fogStart 0\n            -fogEnd 100\n            -fogDensity 0.1\n            -fogColor 0.5 0.5 0.5 1 \n            -depthOfFieldPreview 1\n            -maxConstantTransparency 1\n            -rendererName \"vp2Renderer\" \n            -objectFilterShowInHUD 1\n            -isFiltered 0\n            -colorResolution 256 256 \n            -bumpResolution 512 512 \n            -textureCompression 0\n"
		+ "            -transparencyAlgorithm \"frontAndBackCull\" \n            -transpInShadows 0\n            -cullingOverride \"none\" \n            -lowQualityLighting 0\n            -maximumNumHardwareLights 1\n            -occlusionCulling 0\n            -shadingModel 0\n            -useBaseRenderer 0\n            -useReducedRenderer 0\n            -smallObjectCulling 0\n            -smallObjectThreshold -1 \n            -interactiveDisableShadows 0\n            -interactiveBackFaceCull 0\n            -sortTransparent 1\n            -controllers 1\n            -nurbsCurves 1\n            -nurbsSurfaces 1\n            -polymeshes 1\n            -subdivSurfaces 1\n            -planes 1\n            -lights 1\n            -cameras 1\n            -controlVertices 1\n            -hulls 1\n            -grid 1\n            -imagePlane 1\n            -joints 1\n            -ikHandles 1\n            -deformers 1\n            -dynamics 1\n            -particleInstancers 1\n            -fluids 1\n            -hairSystems 1\n            -follicles 1\n            -nCloths 1\n"
		+ "            -nParticles 1\n            -nRigids 1\n            -dynamicConstraints 1\n            -locators 1\n            -manipulators 1\n            -pluginShapes 1\n            -dimensions 1\n            -handles 1\n            -pivots 1\n            -textures 1\n            -strokes 1\n            -motionTrails 1\n            -clipGhosts 1\n            -bluePencil 1\n            -greasePencils 0\n            -excludeObjectPreset \"All\" \n            -shadows 0\n            -captureSequenceNumber -1\n            -width 1122\n            -height 668\n            -sceneRenderFilter 0\n            $editorName;\n        modelEditor -e -viewSelected 0 $editorName;\n        modelEditor -e \n            -pluginObjects \"gpuCacheDisplayFilter\" 1 \n            -pluginObjects \"mayaUsdProxyShapeBaseDisplayFilter\" 1 \n            $editorName;\n\t\tif (!$useSceneConfig) {\n\t\t\tpanel -e -l $label $panelName;\n\t\t}\n\t}\n\n\n\t$panelName = `sceneUIReplacement -getNextPanel \"modelPanel\" (localizedPanelLabel(\"Persp View\")) `;\n\tif (\"\" != $panelName) {\n\t\t$label = `panel -q -label $panelName`;\n"
		+ "\t\tmodelPanel -edit -l (localizedPanelLabel(\"Persp View\")) -mbv $menusOkayInPanels  $panelName;\n\t\t$editorName = $panelName;\n        modelEditor -e \n            -camera \"|persp\" \n            -useInteractiveMode 0\n            -displayLights \"default\" \n            -displayAppearance \"smoothShaded\" \n            -activeOnly 0\n            -ignorePanZoom 0\n            -wireframeOnShaded 0\n            -headsUpDisplay 1\n            -holdOuts 1\n            -selectionHiliteDisplay 1\n            -useDefaultMaterial 0\n            -bufferMode \"double\" \n            -twoSidedLighting 0\n            -backfaceCulling 0\n            -xray 0\n            -jointXray 0\n            -activeComponentsXray 0\n            -displayTextures 0\n            -smoothWireframe 0\n            -lineWidth 1\n            -textureAnisotropic 0\n            -textureHilight 1\n            -textureSampling 2\n            -textureDisplay \"modulate\" \n            -textureMaxSize 32768\n            -fogging 0\n            -fogSource \"fragment\" \n            -fogMode \"linear\" \n"
		+ "            -fogStart 0\n            -fogEnd 100\n            -fogDensity 0.1\n            -fogColor 0.5 0.5 0.5 1 \n            -depthOfFieldPreview 1\n            -maxConstantTransparency 1\n            -rendererName \"vp2Renderer\" \n            -objectFilterShowInHUD 1\n            -isFiltered 0\n            -colorResolution 256 256 \n            -bumpResolution 512 512 \n            -textureCompression 0\n            -transparencyAlgorithm \"frontAndBackCull\" \n            -transpInShadows 0\n            -cullingOverride \"none\" \n            -lowQualityLighting 0\n            -maximumNumHardwareLights 1\n            -occlusionCulling 0\n            -shadingModel 0\n            -useBaseRenderer 0\n            -useReducedRenderer 0\n            -smallObjectCulling 0\n            -smallObjectThreshold -1 \n            -interactiveDisableShadows 0\n            -interactiveBackFaceCull 0\n            -sortTransparent 1\n            -controllers 1\n            -nurbsCurves 1\n            -nurbsSurfaces 1\n            -polymeshes 1\n            -subdivSurfaces 1\n"
		+ "            -planes 1\n            -lights 1\n            -cameras 1\n            -controlVertices 1\n            -hulls 1\n            -grid 1\n            -imagePlane 1\n            -joints 1\n            -ikHandles 1\n            -deformers 1\n            -dynamics 1\n            -particleInstancers 1\n            -fluids 1\n            -hairSystems 1\n            -follicles 1\n            -nCloths 1\n            -nParticles 1\n            -nRigids 1\n            -dynamicConstraints 1\n            -locators 1\n            -manipulators 1\n            -pluginShapes 1\n            -dimensions 1\n            -handles 1\n            -pivots 1\n            -textures 1\n            -strokes 1\n            -motionTrails 1\n            -clipGhosts 1\n            -bluePencil 1\n            -greasePencils 0\n            -excludeObjectPreset \"All\" \n            -shadows 0\n            -captureSequenceNumber -1\n            -width 2253\n            -height 1427\n            -sceneRenderFilter 0\n            $editorName;\n        modelEditor -e -viewSelected 0 $editorName;\n"
		+ "        modelEditor -e \n            -pluginObjects \"gpuCacheDisplayFilter\" 1 \n            -pluginObjects \"mayaUsdProxyShapeBaseDisplayFilter\" 1 \n            $editorName;\n\t\tif (!$useSceneConfig) {\n\t\t\tpanel -e -l $label $panelName;\n\t\t}\n\t}\n\n\n\t$panelName = `sceneUIReplacement -getNextPanel \"outlinerPanel\" (localizedPanelLabel(\"ToggledOutliner\")) `;\n\tif (\"\" != $panelName) {\n\t\t$label = `panel -q -label $panelName`;\n\t\toutlinerPanel -edit -l (localizedPanelLabel(\"ToggledOutliner\")) -mbv $menusOkayInPanels  $panelName;\n\t\t$editorName = $panelName;\n        outlinerEditor -e \n            -docTag \"isolOutln_fromSeln\" \n            -showShapes 0\n            -showAssignedMaterials 0\n            -showTimeEditor 1\n            -showReferenceNodes 1\n            -showReferenceMembers 1\n            -showAttributes 0\n            -showConnected 0\n            -showAnimCurvesOnly 0\n            -showMuteInfo 0\n            -organizeByLayer 1\n            -organizeByClip 1\n            -showAnimLayerWeight 1\n            -autoExpandLayers 1\n"
		+ "            -autoExpand 0\n            -showDagOnly 1\n            -showAssets 1\n            -showContainedOnly 1\n            -showPublishedAsConnected 0\n            -showParentContainers 0\n            -showContainerContents 1\n            -ignoreDagHierarchy 0\n            -expandConnections 0\n            -showUpstreamCurves 1\n            -showUnitlessCurves 1\n            -showCompounds 1\n            -showLeafs 1\n            -showNumericAttrsOnly 0\n            -highlightActive 1\n            -autoSelectNewObjects 0\n            -doNotSelectNewObjects 0\n            -dropIsParent 1\n            -transmitFilters 0\n            -setFilter \"defaultSetFilter\" \n            -showSetMembers 1\n            -allowMultiSelection 1\n            -alwaysToggleSelect 0\n            -directSelect 0\n            -isSet 0\n            -isSetMember 0\n            -showUfeItems 1\n            -displayMode \"DAG\" \n            -expandObjects 0\n            -setsIgnoreFilters 1\n            -containersIgnoreFilters 0\n            -editAttrName 0\n            -showAttrValues 0\n"
		+ "            -highlightSecondary 0\n            -showUVAttrsOnly 0\n            -showTextureNodesOnly 0\n            -attrAlphaOrder \"default\" \n            -animLayerFilterOptions \"allAffecting\" \n            -sortOrder \"none\" \n            -longNames 0\n            -niceNames 1\n            -showNamespace 1\n            -showPinIcons 0\n            -mapMotionTrails 0\n            -ignoreHiddenAttribute 0\n            -ignoreOutlinerColor 0\n            -renderFilterVisible 0\n            -renderFilterIndex 0\n            -selectionOrder \"chronological\" \n            -expandAttribute 0\n            $editorName;\n\t\tif (!$useSceneConfig) {\n\t\t\tpanel -e -l $label $panelName;\n\t\t}\n\t}\n\n\n\t$panelName = `sceneUIReplacement -getNextPanel \"outlinerPanel\" (localizedPanelLabel(\"Outliner\")) `;\n\tif (\"\" != $panelName) {\n\t\t$label = `panel -q -label $panelName`;\n\t\toutlinerPanel -edit -l (localizedPanelLabel(\"Outliner\")) -mbv $menusOkayInPanels  $panelName;\n\t\t$editorName = $panelName;\n        outlinerEditor -e \n            -showShapes 0\n            -showAssignedMaterials 0\n"
		+ "            -showTimeEditor 1\n            -showReferenceNodes 0\n            -showReferenceMembers 0\n            -showAttributes 0\n            -showConnected 0\n            -showAnimCurvesOnly 0\n            -showMuteInfo 0\n            -organizeByLayer 1\n            -organizeByClip 1\n            -showAnimLayerWeight 1\n            -autoExpandLayers 1\n            -autoExpand 0\n            -showDagOnly 1\n            -showAssets 1\n            -showContainedOnly 1\n            -showPublishedAsConnected 0\n            -showParentContainers 0\n            -showContainerContents 1\n            -ignoreDagHierarchy 0\n            -expandConnections 0\n            -showUpstreamCurves 1\n            -showUnitlessCurves 1\n            -showCompounds 1\n            -showLeafs 1\n            -showNumericAttrsOnly 0\n            -highlightActive 1\n            -autoSelectNewObjects 0\n            -doNotSelectNewObjects 0\n            -dropIsParent 1\n            -transmitFilters 0\n            -setFilter \"defaultSetFilter\" \n            -showSetMembers 1\n"
		+ "            -allowMultiSelection 1\n            -alwaysToggleSelect 0\n            -directSelect 0\n            -showUfeItems 1\n            -displayMode \"DAG\" \n            -expandObjects 0\n            -setsIgnoreFilters 1\n            -containersIgnoreFilters 0\n            -editAttrName 0\n            -showAttrValues 0\n            -highlightSecondary 0\n            -showUVAttrsOnly 0\n            -showTextureNodesOnly 0\n            -attrAlphaOrder \"default\" \n            -animLayerFilterOptions \"allAffecting\" \n            -sortOrder \"none\" \n            -longNames 0\n            -niceNames 1\n            -showNamespace 1\n            -showPinIcons 0\n            -mapMotionTrails 0\n            -ignoreHiddenAttribute 0\n            -ignoreOutlinerColor 0\n            -renderFilterVisible 0\n            $editorName;\n\t\tif (!$useSceneConfig) {\n\t\t\tpanel -e -l $label $panelName;\n\t\t}\n\t}\n\n\n\t$panelName = `sceneUIReplacement -getNextScriptedPanel \"graphEditor\" (localizedPanelLabel(\"Graph Editor\")) `;\n\tif (\"\" != $panelName) {\n\t\t$label = `panel -q -label $panelName`;\n"
		+ "\t\tscriptedPanel -edit -l (localizedPanelLabel(\"Graph Editor\")) -mbv $menusOkayInPanels  $panelName;\n\n\t\t\t$editorName = ($panelName+\"OutlineEd\");\n            outlinerEditor -e \n                -showShapes 1\n                -showAssignedMaterials 0\n                -showTimeEditor 1\n                -showReferenceNodes 0\n                -showReferenceMembers 0\n                -showAttributes 1\n                -showConnected 1\n                -showAnimCurvesOnly 1\n                -showMuteInfo 0\n                -organizeByLayer 1\n                -organizeByClip 1\n                -showAnimLayerWeight 1\n                -autoExpandLayers 1\n                -autoExpand 1\n                -showDagOnly 0\n                -showAssets 1\n                -showContainedOnly 0\n                -showPublishedAsConnected 0\n                -showParentContainers 0\n                -showContainerContents 0\n                -ignoreDagHierarchy 0\n                -expandConnections 1\n                -showUpstreamCurves 1\n                -showUnitlessCurves 1\n"
		+ "                -showCompounds 0\n                -showLeafs 1\n                -showNumericAttrsOnly 1\n                -highlightActive 0\n                -autoSelectNewObjects 1\n                -doNotSelectNewObjects 0\n                -dropIsParent 1\n                -transmitFilters 1\n                -setFilter \"0\" \n                -showSetMembers 0\n                -allowMultiSelection 1\n                -alwaysToggleSelect 0\n                -directSelect 0\n                -showUfeItems 1\n                -displayMode \"DAG\" \n                -expandObjects 0\n                -setsIgnoreFilters 1\n                -containersIgnoreFilters 0\n                -editAttrName 0\n                -showAttrValues 0\n                -highlightSecondary 0\n                -showUVAttrsOnly 0\n                -showTextureNodesOnly 0\n                -attrAlphaOrder \"default\" \n                -animLayerFilterOptions \"allAffecting\" \n                -sortOrder \"none\" \n                -longNames 0\n                -niceNames 1\n                -showNamespace 1\n"
		+ "                -showPinIcons 1\n                -mapMotionTrails 1\n                -ignoreHiddenAttribute 0\n                -ignoreOutlinerColor 0\n                -renderFilterVisible 0\n                $editorName;\n\n\t\t\t$editorName = ($panelName+\"GraphEd\");\n            animCurveEditor -e \n                -displayValues 0\n                -snapTime \"integer\" \n                -snapValue \"none\" \n                -showPlayRangeShades \"on\" \n                -lockPlayRangeShades \"off\" \n                -smoothness \"fine\" \n                -resultSamples 1\n                -resultScreenSamples 0\n                -resultUpdate \"delayed\" \n                -showUpstreamCurves 1\n                -tangentScale 1\n                -tangentLineThickness 1\n                -keyMinScale 1\n                -stackedCurvesMin -1\n                -stackedCurvesMax 1\n                -stackedCurvesSpace 0.2\n                -preSelectionHighlight 0\n                -limitToSelectedCurves 0\n                -constrainDrag 0\n                -valueLinesToggle 0\n"
		+ "                -outliner \"graphEditor1OutlineEd\" \n                -highlightAffectedCurves 0\n                $editorName;\n\t\tif (!$useSceneConfig) {\n\t\t\tpanel -e -l $label $panelName;\n\t\t}\n\t}\n\n\n\t$panelName = `sceneUIReplacement -getNextScriptedPanel \"dopeSheetPanel\" (localizedPanelLabel(\"Dope Sheet\")) `;\n\tif (\"\" != $panelName) {\n\t\t$label = `panel -q -label $panelName`;\n\t\tscriptedPanel -edit -l (localizedPanelLabel(\"Dope Sheet\")) -mbv $menusOkayInPanels  $panelName;\n\n\t\t\t$editorName = ($panelName+\"OutlineEd\");\n            outlinerEditor -e \n                -showShapes 1\n                -showAssignedMaterials 0\n                -showTimeEditor 1\n                -showReferenceNodes 0\n                -showReferenceMembers 0\n                -showAttributes 1\n                -showConnected 1\n                -showAnimCurvesOnly 1\n                -showMuteInfo 0\n                -organizeByLayer 1\n                -organizeByClip 1\n                -showAnimLayerWeight 1\n                -autoExpandLayers 1\n                -autoExpand 1\n"
		+ "                -showDagOnly 0\n                -showAssets 1\n                -showContainedOnly 0\n                -showPublishedAsConnected 0\n                -showParentContainers 0\n                -showContainerContents 0\n                -ignoreDagHierarchy 0\n                -expandConnections 1\n                -showUpstreamCurves 1\n                -showUnitlessCurves 0\n                -showCompounds 0\n                -showLeafs 1\n                -showNumericAttrsOnly 1\n                -highlightActive 0\n                -autoSelectNewObjects 0\n                -doNotSelectNewObjects 1\n                -dropIsParent 1\n                -transmitFilters 0\n                -setFilter \"0\" \n                -showSetMembers 1\n                -allowMultiSelection 1\n                -alwaysToggleSelect 0\n                -directSelect 0\n                -showUfeItems 1\n                -displayMode \"DAG\" \n                -expandObjects 0\n                -setsIgnoreFilters 1\n                -containersIgnoreFilters 0\n                -editAttrName 0\n"
		+ "                -showAttrValues 0\n                -highlightSecondary 0\n                -showUVAttrsOnly 0\n                -showTextureNodesOnly 0\n                -attrAlphaOrder \"default\" \n                -animLayerFilterOptions \"allAffecting\" \n                -sortOrder \"none\" \n                -longNames 0\n                -niceNames 1\n                -showNamespace 1\n                -showPinIcons 0\n                -mapMotionTrails 1\n                -ignoreHiddenAttribute 0\n                -ignoreOutlinerColor 0\n                -renderFilterVisible 0\n                $editorName;\n\n\t\t\t$editorName = ($panelName+\"DopeSheetEd\");\n            dopeSheetEditor -e \n                -displayValues 0\n                -snapTime \"none\" \n                -snapValue \"none\" \n                -outliner \"dopeSheetPanel1OutlineEd\" \n                -hierarchyBelow 0\n                -selectionWindow 0 0 0 0 \n                $editorName;\n\t\tif (!$useSceneConfig) {\n\t\t\tpanel -e -l $label $panelName;\n\t\t}\n\t}\n\n\n\t$panelName = `sceneUIReplacement -getNextScriptedPanel \"timeEditorPanel\" (localizedPanelLabel(\"Time Editor\")) `;\n"
		+ "\tif (\"\" != $panelName) {\n\t\t$label = `panel -q -label $panelName`;\n\t\tscriptedPanel -edit -l (localizedPanelLabel(\"Time Editor\")) -mbv $menusOkayInPanels  $panelName;\n\t\tif (!$useSceneConfig) {\n\t\t\tpanel -e -l $label $panelName;\n\t\t}\n\t}\n\n\n\t$panelName = `sceneUIReplacement -getNextScriptedPanel \"clipEditorPanel\" (localizedPanelLabel(\"Trax Editor\")) `;\n\tif (\"\" != $panelName) {\n\t\t$label = `panel -q -label $panelName`;\n\t\tscriptedPanel -edit -l (localizedPanelLabel(\"Trax Editor\")) -mbv $menusOkayInPanels  $panelName;\n\n\t\t\t$editorName = clipEditorNameFromPanel($panelName);\n            clipEditor -e \n                -displayValues 0\n                -snapTime \"none\" \n                -snapValue \"none\" \n                -initialized 0\n                -manageSequencer 0 \n                $editorName;\n\t\tif (!$useSceneConfig) {\n\t\t\tpanel -e -l $label $panelName;\n\t\t}\n\t}\n\n\n\t$panelName = `sceneUIReplacement -getNextScriptedPanel \"sequenceEditorPanel\" (localizedPanelLabel(\"Sequencer\")) `;\n\tif (\"\" != $panelName) {\n\t\t$label = `panel -q -label $panelName`;\n"
		+ "\t\tscriptedPanel -edit -l (localizedPanelLabel(\"Sequencer\")) -mbv $menusOkayInPanels  $panelName;\n\n\t\t\t$editorName = sequenceEditorNameFromPanel($panelName);\n            cameraSequencer -e \n                -displayValues 0\n                -snapTime \"none\" \n                -snapValue \"none\" \n                -initialized 0\n                -showThumbnail 1\n                $editorName;\n\t\tif (!$useSceneConfig) {\n\t\t\tpanel -e -l $label $panelName;\n\t\t}\n\t}\n\n\n\t$panelName = `sceneUIReplacement -getNextScriptedPanel \"hyperGraphPanel\" (localizedPanelLabel(\"Hypergraph Hierarchy\")) `;\n\tif (\"\" != $panelName) {\n\t\t$label = `panel -q -label $panelName`;\n\t\tscriptedPanel -edit -l (localizedPanelLabel(\"Hypergraph Hierarchy\")) -mbv $menusOkayInPanels  $panelName;\n\n\t\t\t$editorName = ($panelName+\"HyperGraphEd\");\n            hyperGraph -e \n                -graphLayoutStyle \"hierarchicalLayout\" \n                -orientation \"horiz\" \n                -mergeConnections 0\n                -zoom 1\n                -animateTransition 0\n                -showRelationships 1\n"
		+ "                -showShapes 0\n                -showDeformers 0\n                -showExpressions 0\n                -showConstraints 0\n                -showConnectionFromSelected 0\n                -showConnectionToSelected 0\n                -showConstraintLabels 0\n                -showUnderworld 0\n                -showInvisible 0\n                -showNamespace 1\n                -transitionFrames 1\n                -opaqueContainers 0\n                -freeform 0\n                -imagePosition 0 0 \n                -imageScale 1\n                -imageEnabled 0\n                -graphType \"DAG\" \n                -heatMapDisplay 0\n                -updateSelection 1\n                -updateNodeAdded 1\n                -useDrawOverrideColor 0\n                -limitGraphTraversal -1\n                -range 0 0 \n                -iconSize \"smallIcons\" \n                -showCachedConnections 0\n                $editorName;\n\t\tif (!$useSceneConfig) {\n\t\t\tpanel -e -l $label $panelName;\n\t\t}\n\t}\n\n\n\t$panelName = `sceneUIReplacement -getNextScriptedPanel \"hyperShadePanel\" (localizedPanelLabel(\"Hypershade\")) `;\n"
		+ "\tif (\"\" != $panelName) {\n\t\t$label = `panel -q -label $panelName`;\n\t\tscriptedPanel -edit -l (localizedPanelLabel(\"Hypershade\")) -mbv $menusOkayInPanels  $panelName;\n\t\tif (!$useSceneConfig) {\n\t\t\tpanel -e -l $label $panelName;\n\t\t}\n\t}\n\n\n\t$panelName = `sceneUIReplacement -getNextScriptedPanel \"visorPanel\" (localizedPanelLabel(\"Visor\")) `;\n\tif (\"\" != $panelName) {\n\t\t$label = `panel -q -label $panelName`;\n\t\tscriptedPanel -edit -l (localizedPanelLabel(\"Visor\")) -mbv $menusOkayInPanels  $panelName;\n\t\tif (!$useSceneConfig) {\n\t\t\tpanel -e -l $label $panelName;\n\t\t}\n\t}\n\n\n\t$panelName = `sceneUIReplacement -getNextScriptedPanel \"nodeEditorPanel\" (localizedPanelLabel(\"Node Editor\")) `;\n\tif ($nodeEditorPanelVisible || $nodeEditorWorkspaceControlOpen) {\n\t\tif (\"\" == $panelName) {\n\t\t\tif ($useSceneConfig) {\n\t\t\t\t$panelName = `scriptedPanel -unParent  -type \"nodeEditorPanel\" -l (localizedPanelLabel(\"Node Editor\")) -mbv $menusOkayInPanels `;\n\n\t\t\t$editorName = ($panelName+\"NodeEditorEd\");\n            nodeEditor -e \n                -allAttributes 0\n"
		+ "                -allNodes 0\n                -autoSizeNodes 1\n                -consistentNameSize 1\n                -createNodeCommand \"nodeEdCreateNodeCommand\" \n                -connectNodeOnCreation 0\n                -connectOnDrop 0\n                -copyConnectionsOnPaste 0\n                -connectionStyle \"bezier\" \n                -defaultPinnedState 0\n                -additiveGraphingMode 0\n                -connectedGraphingMode 1\n                -settingsChangedCallback \"nodeEdSyncControls\" \n                -traversalDepthLimit -1\n                -keyPressCommand \"nodeEdKeyPressCommand\" \n                -nodeTitleMode \"name\" \n                -gridSnap 0\n                -gridVisibility 1\n                -crosshairOnEdgeDragging 0\n                -popupMenuScript \"nodeEdBuildPanelMenus\" \n                -showNamespace 1\n                -showShapes 1\n                -showSGShapes 0\n                -showTransforms 1\n                -useAssets 1\n                -syncedSelection 1\n                -extendToShapes 1\n"
		+ "                -showUnitConversions 0\n                -editorMode \"default\" \n                -hasWatchpoint 0\n                $editorName;\n\t\t\t}\n\t\t} else {\n\t\t\t$label = `panel -q -label $panelName`;\n\t\t\tscriptedPanel -edit -l (localizedPanelLabel(\"Node Editor\")) -mbv $menusOkayInPanels  $panelName;\n\n\t\t\t$editorName = ($panelName+\"NodeEditorEd\");\n            nodeEditor -e \n                -allAttributes 0\n                -allNodes 0\n                -autoSizeNodes 1\n                -consistentNameSize 1\n                -createNodeCommand \"nodeEdCreateNodeCommand\" \n                -connectNodeOnCreation 0\n                -connectOnDrop 0\n                -copyConnectionsOnPaste 0\n                -connectionStyle \"bezier\" \n                -defaultPinnedState 0\n                -additiveGraphingMode 0\n                -connectedGraphingMode 1\n                -settingsChangedCallback \"nodeEdSyncControls\" \n                -traversalDepthLimit -1\n                -keyPressCommand \"nodeEdKeyPressCommand\" \n                -nodeTitleMode \"name\" \n"
		+ "                -gridSnap 0\n                -gridVisibility 1\n                -crosshairOnEdgeDragging 0\n                -popupMenuScript \"nodeEdBuildPanelMenus\" \n                -showNamespace 1\n                -showShapes 1\n                -showSGShapes 0\n                -showTransforms 1\n                -useAssets 1\n                -syncedSelection 1\n                -extendToShapes 1\n                -showUnitConversions 0\n                -editorMode \"default\" \n                -hasWatchpoint 0\n                $editorName;\n\t\t\tif (!$useSceneConfig) {\n\t\t\t\tpanel -e -l $label $panelName;\n\t\t\t}\n\t\t}\n\t}\n\n\n\t$panelName = `sceneUIReplacement -getNextScriptedPanel \"createNodePanel\" (localizedPanelLabel(\"Create Node\")) `;\n\tif (\"\" != $panelName) {\n\t\t$label = `panel -q -label $panelName`;\n\t\tscriptedPanel -edit -l (localizedPanelLabel(\"Create Node\")) -mbv $menusOkayInPanels  $panelName;\n\t\tif (!$useSceneConfig) {\n\t\t\tpanel -e -l $label $panelName;\n\t\t}\n\t}\n\n\n\t$panelName = `sceneUIReplacement -getNextScriptedPanel \"polyTexturePlacementPanel\" (localizedPanelLabel(\"UV Editor\")) `;\n"
		+ "\tif (\"\" != $panelName) {\n\t\t$label = `panel -q -label $panelName`;\n\t\tscriptedPanel -edit -l (localizedPanelLabel(\"UV Editor\")) -mbv $menusOkayInPanels  $panelName;\n\t\tif (!$useSceneConfig) {\n\t\t\tpanel -e -l $label $panelName;\n\t\t}\n\t}\n\n\n\t$panelName = `sceneUIReplacement -getNextScriptedPanel \"renderWindowPanel\" (localizedPanelLabel(\"Render View\")) `;\n\tif (\"\" != $panelName) {\n\t\t$label = `panel -q -label $panelName`;\n\t\tscriptedPanel -edit -l (localizedPanelLabel(\"Render View\")) -mbv $menusOkayInPanels  $panelName;\n\t\tif (!$useSceneConfig) {\n\t\t\tpanel -e -l $label $panelName;\n\t\t}\n\t}\n\n\n\t$panelName = `sceneUIReplacement -getNextPanel \"shapePanel\" (localizedPanelLabel(\"Shape Editor\")) `;\n\tif (\"\" != $panelName) {\n\t\t$label = `panel -q -label $panelName`;\n\t\tshapePanel -edit -l (localizedPanelLabel(\"Shape Editor\")) -mbv $menusOkayInPanels  $panelName;\n\t\tif (!$useSceneConfig) {\n\t\t\tpanel -e -l $label $panelName;\n\t\t}\n\t}\n\n\n\t$panelName = `sceneUIReplacement -getNextPanel \"posePanel\" (localizedPanelLabel(\"Pose Editor\")) `;\n\tif (\"\" != $panelName) {\n"
		+ "\t\t$label = `panel -q -label $panelName`;\n\t\tposePanel -edit -l (localizedPanelLabel(\"Pose Editor\")) -mbv $menusOkayInPanels  $panelName;\n\t\tif (!$useSceneConfig) {\n\t\t\tpanel -e -l $label $panelName;\n\t\t}\n\t}\n\n\n\t$panelName = `sceneUIReplacement -getNextScriptedPanel \"dynRelEdPanel\" (localizedPanelLabel(\"Dynamic Relationships\")) `;\n\tif (\"\" != $panelName) {\n\t\t$label = `panel -q -label $panelName`;\n\t\tscriptedPanel -edit -l (localizedPanelLabel(\"Dynamic Relationships\")) -mbv $menusOkayInPanels  $panelName;\n\t\tif (!$useSceneConfig) {\n\t\t\tpanel -e -l $label $panelName;\n\t\t}\n\t}\n\n\n\t$panelName = `sceneUIReplacement -getNextScriptedPanel \"relationshipPanel\" (localizedPanelLabel(\"Relationship Editor\")) `;\n\tif (\"\" != $panelName) {\n\t\t$label = `panel -q -label $panelName`;\n\t\tscriptedPanel -edit -l (localizedPanelLabel(\"Relationship Editor\")) -mbv $menusOkayInPanels  $panelName;\n\t\tif (!$useSceneConfig) {\n\t\t\tpanel -e -l $label $panelName;\n\t\t}\n\t}\n\n\n\t$panelName = `sceneUIReplacement -getNextScriptedPanel \"referenceEditorPanel\" (localizedPanelLabel(\"Reference Editor\")) `;\n"
		+ "\tif (\"\" != $panelName) {\n\t\t$label = `panel -q -label $panelName`;\n\t\tscriptedPanel -edit -l (localizedPanelLabel(\"Reference Editor\")) -mbv $menusOkayInPanels  $panelName;\n\t\tif (!$useSceneConfig) {\n\t\t\tpanel -e -l $label $panelName;\n\t\t}\n\t}\n\n\n\t$panelName = `sceneUIReplacement -getNextScriptedPanel \"dynPaintScriptedPanelType\" (localizedPanelLabel(\"Paint Effects\")) `;\n\tif (\"\" != $panelName) {\n\t\t$label = `panel -q -label $panelName`;\n\t\tscriptedPanel -edit -l (localizedPanelLabel(\"Paint Effects\")) -mbv $menusOkayInPanels  $panelName;\n\t\tif (!$useSceneConfig) {\n\t\t\tpanel -e -l $label $panelName;\n\t\t}\n\t}\n\n\n\t$panelName = `sceneUIReplacement -getNextScriptedPanel \"scriptEditorPanel\" (localizedPanelLabel(\"Script Editor\")) `;\n\tif (\"\" != $panelName) {\n\t\t$label = `panel -q -label $panelName`;\n\t\tscriptedPanel -edit -l (localizedPanelLabel(\"Script Editor\")) -mbv $menusOkayInPanels  $panelName;\n\t\tif (!$useSceneConfig) {\n\t\t\tpanel -e -l $label $panelName;\n\t\t}\n\t}\n\n\n\t$panelName = `sceneUIReplacement -getNextScriptedPanel \"profilerPanel\" (localizedPanelLabel(\"Profiler Tool\")) `;\n"
		+ "\tif (\"\" != $panelName) {\n\t\t$label = `panel -q -label $panelName`;\n\t\tscriptedPanel -edit -l (localizedPanelLabel(\"Profiler Tool\")) -mbv $menusOkayInPanels  $panelName;\n\t\tif (!$useSceneConfig) {\n\t\t\tpanel -e -l $label $panelName;\n\t\t}\n\t}\n\n\n\t$panelName = `sceneUIReplacement -getNextScriptedPanel \"motionMakerEditorPanel\" (localizedPanelLabel(\"MotionMaker Editor\")) `;\n\tif (\"\" != $panelName) {\n\t\t$label = `panel -q -label $panelName`;\n\t\tscriptedPanel -edit -l (localizedPanelLabel(\"MotionMaker Editor\")) -mbv $menusOkayInPanels  $panelName;\n\t\tif (!$useSceneConfig) {\n\t\t\tpanel -e -l $label $panelName;\n\t\t}\n\t}\n\n\n\t$panelName = `sceneUIReplacement -getNextScriptedPanel \"contentBrowserPanel\" (localizedPanelLabel(\"Content Browser\")) `;\n\tif (\"\" != $panelName) {\n\t\t$label = `panel -q -label $panelName`;\n\t\tscriptedPanel -edit -l (localizedPanelLabel(\"Content Browser\")) -mbv $menusOkayInPanels  $panelName;\n\t\tif (!$useSceneConfig) {\n\t\t\tpanel -e -l $label $panelName;\n\t\t}\n\t}\n\n\n\t$panelName = `sceneUIReplacement -getNextScriptedPanel \"Stereo\" (localizedPanelLabel(\"Stereo\")) `;\n"
		+ "\tif (\"\" != $panelName) {\n\t\t$label = `panel -q -label $panelName`;\n\t\tscriptedPanel -edit -l (localizedPanelLabel(\"Stereo\")) -mbv $menusOkayInPanels  $panelName;\n{ string $editorName = ($panelName+\"Editor\");\n            stereoCameraView -e \n                -camera \"|persp\" \n                -useInteractiveMode 0\n                -displayLights \"default\" \n                -displayAppearance \"wireframe\" \n                -activeOnly 0\n                -ignorePanZoom 0\n                -wireframeOnShaded 0\n                -headsUpDisplay 1\n                -holdOuts 1\n                -selectionHiliteDisplay 1\n                -useDefaultMaterial 0\n                -bufferMode \"double\" \n                -twoSidedLighting 1\n                -backfaceCulling 0\n                -xray 0\n                -jointXray 0\n                -activeComponentsXray 0\n                -displayTextures 0\n                -smoothWireframe 0\n                -lineWidth 1\n                -textureAnisotropic 0\n                -textureHilight 1\n                -textureSampling 2\n"
		+ "                -textureDisplay \"modulate\" \n                -textureMaxSize 32768\n                -fogging 0\n                -fogSource \"fragment\" \n                -fogMode \"linear\" \n                -fogStart 0\n                -fogEnd 100\n                -fogDensity 0.1\n                -fogColor 0.5 0.5 0.5 1 \n                -depthOfFieldPreview 1\n                -maxConstantTransparency 1\n                -objectFilterShowInHUD 1\n                -isFiltered 0\n                -colorResolution 4 4 \n                -bumpResolution 4 4 \n                -textureCompression 0\n                -transparencyAlgorithm \"frontAndBackCull\" \n                -transpInShadows 0\n                -cullingOverride \"none\" \n                -lowQualityLighting 0\n                -maximumNumHardwareLights 0\n                -occlusionCulling 0\n                -shadingModel 0\n                -useBaseRenderer 0\n                -useReducedRenderer 0\n                -smallObjectCulling 0\n                -smallObjectThreshold -1 \n                -interactiveDisableShadows 0\n"
		+ "                -interactiveBackFaceCull 0\n                -sortTransparent 1\n                -controllers 1\n                -nurbsCurves 1\n                -nurbsSurfaces 1\n                -polymeshes 1\n                -subdivSurfaces 1\n                -planes 1\n                -lights 1\n                -cameras 1\n                -controlVertices 1\n                -hulls 1\n                -grid 1\n                -imagePlane 1\n                -joints 1\n                -ikHandles 1\n                -deformers 1\n                -dynamics 1\n                -particleInstancers 1\n                -fluids 1\n                -hairSystems 1\n                -follicles 1\n                -nCloths 1\n                -nParticles 1\n                -nRigids 1\n                -dynamicConstraints 1\n                -locators 1\n                -manipulators 1\n                -pluginShapes 1\n                -dimensions 1\n                -handles 1\n                -pivots 1\n                -textures 1\n                -strokes 1\n                -motionTrails 1\n"
		+ "                -clipGhosts 1\n                -bluePencil 1\n                -greasePencils 0\n                -shadows 0\n                -captureSequenceNumber -1\n                -width 0\n                -height 0\n                -sceneRenderFilter 0\n                -displayMode \"centerEye\" \n                -viewColor 0 0 0 1 \n                -useCustomBackground 1\n                $editorName;\n            stereoCameraView -e -viewSelected 0 $editorName;\n            stereoCameraView -e \n                -pluginObjects \"gpuCacheDisplayFilter\" 1 \n                -pluginObjects \"mayaUsdProxyShapeBaseDisplayFilter\" 1 \n                $editorName; };\n\t\tif (!$useSceneConfig) {\n\t\t\tpanel -e -l $label $panelName;\n\t\t}\n\t}\n\n\n\tif ($useSceneConfig) {\n        string $configName = `getPanel -cwl (localizedPanelLabel(\"Current Layout\"))`;\n        if (\"\" != $configName) {\n\t\t\tpanelConfiguration -edit -label (localizedPanelLabel(\"Current Layout\")) \n\t\t\t\t-userCreated false\n\t\t\t\t-defaultImage \"\"\n\t\t\t\t-image \"\"\n\t\t\t\t-sc false\n\t\t\t\t-configString \"global string $gMainPane; paneLayout -e -cn \\\"single\\\" -ps 1 100 100 $gMainPane;\"\n"
		+ "\t\t\t\t-removeAllPanels\n\t\t\t\t-ap false\n\t\t\t\t\t(localizedPanelLabel(\"Persp View\")) \n\t\t\t\t\t\"modelPanel\"\n"
		+ "\t\t\t\t\t\"$panelName = `modelPanel -unParent -l (localizedPanelLabel(\\\"Persp View\\\")) -mbv $menusOkayInPanels `;\\n$editorName = $panelName;\\nmodelEditor -e \\n    -cam `findStartUpCamera persp` \\n    -useInteractiveMode 0\\n    -displayLights \\\"default\\\" \\n    -displayAppearance \\\"smoothShaded\\\" \\n    -activeOnly 0\\n    -ignorePanZoom 0\\n    -wireframeOnShaded 0\\n    -headsUpDisplay 1\\n    -holdOuts 1\\n    -selectionHiliteDisplay 1\\n    -useDefaultMaterial 0\\n    -bufferMode \\\"double\\\" \\n    -twoSidedLighting 0\\n    -backfaceCulling 0\\n    -xray 0\\n    -jointXray 0\\n    -activeComponentsXray 0\\n    -displayTextures 0\\n    -smoothWireframe 0\\n    -lineWidth 1\\n    -textureAnisotropic 0\\n    -textureHilight 1\\n    -textureSampling 2\\n    -textureDisplay \\\"modulate\\\" \\n    -textureMaxSize 32768\\n    -fogging 0\\n    -fogSource \\\"fragment\\\" \\n    -fogMode \\\"linear\\\" \\n    -fogStart 0\\n    -fogEnd 100\\n    -fogDensity 0.1\\n    -fogColor 0.5 0.5 0.5 1 \\n    -depthOfFieldPreview 1\\n    -maxConstantTransparency 1\\n    -rendererName \\\"vp2Renderer\\\" \\n    -objectFilterShowInHUD 1\\n    -isFiltered 0\\n    -colorResolution 256 256 \\n    -bumpResolution 512 512 \\n    -textureCompression 0\\n    -transparencyAlgorithm \\\"frontAndBackCull\\\" \\n    -transpInShadows 0\\n    -cullingOverride \\\"none\\\" \\n    -lowQualityLighting 0\\n    -maximumNumHardwareLights 1\\n    -occlusionCulling 0\\n    -shadingModel 0\\n    -useBaseRenderer 0\\n    -useReducedRenderer 0\\n    -smallObjectCulling 0\\n    -smallObjectThreshold -1 \\n    -interactiveDisableShadows 0\\n    -interactiveBackFaceCull 0\\n    -sortTransparent 1\\n    -controllers 1\\n    -nurbsCurves 1\\n    -nurbsSurfaces 1\\n    -polymeshes 1\\n    -subdivSurfaces 1\\n    -planes 1\\n    -lights 1\\n    -cameras 1\\n    -controlVertices 1\\n    -hulls 1\\n    -grid 1\\n    -imagePlane 1\\n    -joints 1\\n    -ikHandles 1\\n    -deformers 1\\n    -dynamics 1\\n    -particleInstancers 1\\n    -fluids 1\\n    -hairSystems 1\\n    -follicles 1\\n    -nCloths 1\\n    -nParticles 1\\n    -nRigids 1\\n    -dynamicConstraints 1\\n    -locators 1\\n    -manipulators 1\\n    -pluginShapes 1\\n    -dimensions 1\\n    -handles 1\\n    -pivots 1\\n    -textures 1\\n    -strokes 1\\n    -motionTrails 1\\n    -clipGhosts 1\\n    -bluePencil 1\\n    -greasePencils 0\\n    -excludeObjectPreset \\\"All\\\" \\n    -shadows 0\\n    -captureSequenceNumber -1\\n    -width 2253\\n    -height 1427\\n    -sceneRenderFilter 0\\n    $editorName;\\nmodelEditor -e -viewSelected 0 $editorName;\\nmodelEditor -e \\n    -pluginObjects \\\"gpuCacheDisplayFilter\\\" 1 \\n    -pluginObjects \\\"mayaUsdProxyShapeBaseDisplayFilter\\\" 1 \\n    $editorName\"\n"
		+ "\t\t\t\t\t\"modelPanel -edit -l (localizedPanelLabel(\\\"Persp View\\\")) -mbv $menusOkayInPanels  $panelName;\\n$editorName = $panelName;\\nmodelEditor -e \\n    -cam `findStartUpCamera persp` \\n    -useInteractiveMode 0\\n    -displayLights \\\"default\\\" \\n    -displayAppearance \\\"smoothShaded\\\" \\n    -activeOnly 0\\n    -ignorePanZoom 0\\n    -wireframeOnShaded 0\\n    -headsUpDisplay 1\\n    -holdOuts 1\\n    -selectionHiliteDisplay 1\\n    -useDefaultMaterial 0\\n    -bufferMode \\\"double\\\" \\n    -twoSidedLighting 0\\n    -backfaceCulling 0\\n    -xray 0\\n    -jointXray 0\\n    -activeComponentsXray 0\\n    -displayTextures 0\\n    -smoothWireframe 0\\n    -lineWidth 1\\n    -textureAnisotropic 0\\n    -textureHilight 1\\n    -textureSampling 2\\n    -textureDisplay \\\"modulate\\\" \\n    -textureMaxSize 32768\\n    -fogging 0\\n    -fogSource \\\"fragment\\\" \\n    -fogMode \\\"linear\\\" \\n    -fogStart 0\\n    -fogEnd 100\\n    -fogDensity 0.1\\n    -fogColor 0.5 0.5 0.5 1 \\n    -depthOfFieldPreview 1\\n    -maxConstantTransparency 1\\n    -rendererName \\\"vp2Renderer\\\" \\n    -objectFilterShowInHUD 1\\n    -isFiltered 0\\n    -colorResolution 256 256 \\n    -bumpResolution 512 512 \\n    -textureCompression 0\\n    -transparencyAlgorithm \\\"frontAndBackCull\\\" \\n    -transpInShadows 0\\n    -cullingOverride \\\"none\\\" \\n    -lowQualityLighting 0\\n    -maximumNumHardwareLights 1\\n    -occlusionCulling 0\\n    -shadingModel 0\\n    -useBaseRenderer 0\\n    -useReducedRenderer 0\\n    -smallObjectCulling 0\\n    -smallObjectThreshold -1 \\n    -interactiveDisableShadows 0\\n    -interactiveBackFaceCull 0\\n    -sortTransparent 1\\n    -controllers 1\\n    -nurbsCurves 1\\n    -nurbsSurfaces 1\\n    -polymeshes 1\\n    -subdivSurfaces 1\\n    -planes 1\\n    -lights 1\\n    -cameras 1\\n    -controlVertices 1\\n    -hulls 1\\n    -grid 1\\n    -imagePlane 1\\n    -joints 1\\n    -ikHandles 1\\n    -deformers 1\\n    -dynamics 1\\n    -particleInstancers 1\\n    -fluids 1\\n    -hairSystems 1\\n    -follicles 1\\n    -nCloths 1\\n    -nParticles 1\\n    -nRigids 1\\n    -dynamicConstraints 1\\n    -locators 1\\n    -manipulators 1\\n    -pluginShapes 1\\n    -dimensions 1\\n    -handles 1\\n    -pivots 1\\n    -textures 1\\n    -strokes 1\\n    -motionTrails 1\\n    -clipGhosts 1\\n    -bluePencil 1\\n    -greasePencils 0\\n    -excludeObjectPreset \\\"All\\\" \\n    -shadows 0\\n    -captureSequenceNumber -1\\n    -width 2253\\n    -height 1427\\n    -sceneRenderFilter 0\\n    $editorName;\\nmodelEditor -e -viewSelected 0 $editorName;\\nmodelEditor -e \\n    -pluginObjects \\\"gpuCacheDisplayFilter\\\" 1 \\n    -pluginObjects \\\"mayaUsdProxyShapeBaseDisplayFilter\\\" 1 \\n    $editorName\"\n"
		+ "\t\t\t\t$configName;\n\n            setNamedPanelLayout (localizedPanelLabel(\"Current Layout\"));\n        }\n\n        panelHistory -e -clear mainPanelHistory;\n        sceneUIReplacement -clear;\n\t}\n\n\ngrid -spacing 5 -size 12 -divisions 5 -displayAxes yes -displayGridLines yes -displayDivisionLines yes -displayPerspectiveLabels no -displayOrthographicLabels no -displayAxesBold yes -perspectiveLabelPosition axis -orthographicLabelPosition edge;\nviewManip -drawCompass 0 -compassAngle 0 -frontParameters \"\" -homeParameters \"\" -selectionLockParameters \"\";\n}\n");
	setAttr ".st" 3;
createNode script -n "sceneConfigurationScriptNode";
	rename -uid "E8FD7EC3-4B9E-EE1B-34C7-6C849554DE69";
	setAttr ".b" -type "string" "playbackOptions -min 1100 -max 1101 -ast 0 -aet 3000 ";
	setAttr ".st" 6;
select -ne :time1;
	setAttr ".o" 1100;
	setAttr ".unw" 1100;
select -ne :hardwareRenderingGlobals;
	setAttr ".otfna" -type "stringArray" 22 "NURBS Curves" "NURBS Surfaces" "Polygons" "Subdiv Surface" "Particles" "Particle Instance" "Fluids" "Strokes" "Image Planes" "UI" "Lights" "Cameras" "Locators" "Joints" "IK Handles" "Deformers" "Motion Trails" "Components" "Hair Systems" "Follicles" "Misc. UI" "Ornaments"  ;
	setAttr ".otfva" -type "Int32Array" 22 0 1 1 1 1 1
		 1 1 1 0 0 0 0 0 0 0 0 0
		 0 0 0 0 ;
	setAttr ".fprt" yes;
	setAttr ".rtfm" 1;
select -ne :renderPartition;
	setAttr -s 2 ".st";
select -ne :renderGlobalsList1;
select -ne :defaultShaderList1;
	setAttr -s 6 ".s";
select -ne :postProcessList1;
	setAttr -s 2 ".p";
select -ne :defaultRenderingList1;
select -ne :standardSurface1;
	setAttr ".bc" -type "float3" 0.40000001 0.40000001 0.40000001 ;
	setAttr ".sr" 0.5;
select -ne :openPBR_shader1;
	setAttr ".bc" -type "float3" 0.40000001 0.40000001 0.40000001 ;
	setAttr ".sr" 0.5;
select -ne :initialShadingGroup;
	setAttr -s 13 ".dsm";
	setAttr ".ro" yes;
select -ne :initialParticleSE;
	setAttr ".ro" yes;
select -ne :defaultRenderGlobals;
	addAttr -ci true -h true -sn "dss" -ln "defaultSurfaceShader" -dt "string";
	setAttr ".ren" -type "string" "arnold";
	setAttr ".dss" -type "string" "openPBR_shader1";
select -ne :defaultResolution;
	setAttr ".pa" 1;
select -ne :defaultColorMgtGlobals;
	setAttr ".cfe" yes;
	setAttr ".cfp" -type "string" "<MAYA_RESOURCES>/OCIO-configs/Maya2022-default/config.ocio";
	setAttr ".vtn" -type "string" "ACES 1.0 SDR-video (sRGB)";
	setAttr ".vn" -type "string" "ACES 1.0 SDR-video";
	setAttr ".dn" -type "string" "sRGB";
	setAttr ".wsn" -type "string" "ACEScg";
	setAttr ".otn" -type "string" "ACES 1.0 SDR-video (sRGB)";
	setAttr ".potn" -type "string" "ACES 1.0 SDR-video (sRGB)";
select -ne :hardwareRenderGlobals;
	setAttr ".ctrs" 256;
	setAttr ".btrs" 512;
relationship "link" ":lightLinker1" ":initialShadingGroup.message" ":defaultLightSet.message";
relationship "link" ":lightLinker1" ":initialParticleSE.message" ":defaultLightSet.message";
relationship "shadowLink" ":lightLinker1" ":initialShadingGroup.message" ":defaultLightSet.message";
relationship "shadowLink" ":lightLinker1" ":initialParticleSE.message" ":defaultLightSet.message";
connectAttr "layerManager.dli[0]" "defaultLayer.id";
connectAttr "renderLayerManager.rlmi[0]" "defaultRenderLayer.rlid";
connectAttr "defaultRenderLayer.msg" ":defaultRenderingList1.r" -na;
connectAttr "revolvedSurfaceShape1.iog" ":initialShadingGroup.dsm" -na;
connectAttr "revolvedSurfaceShape2.iog" ":initialShadingGroup.dsm" -na;
connectAttr "loftedSurfaceShape1.iog" ":initialShadingGroup.dsm" -na;
connectAttr "loftedSurfaceShape2.iog" ":initialShadingGroup.dsm" -na;
connectAttr "loftedSurfaceShape3.iog" ":initialShadingGroup.dsm" -na;
connectAttr "loftedSurfaceShape4.iog" ":initialShadingGroup.dsm" -na;
connectAttr "loftedSurfaceShape5.iog" ":initialShadingGroup.dsm" -na;
connectAttr "loftedSurfaceShape6.iog" ":initialShadingGroup.dsm" -na;
connectAttr "loftedSurfaceShape7.iog" ":initialShadingGroup.dsm" -na;
connectAttr "loftedSurfaceShape9.iog" ":initialShadingGroup.dsm" -na;
connectAttr "loftedSurfaceShape10.iog" ":initialShadingGroup.dsm" -na;
connectAttr "loftedSurfaceShape11.iog" ":initialShadingGroup.dsm" -na;
connectAttr "loftedSurfaceShape12.iog" ":initialShadingGroup.dsm" -na;
// End of VaseTest_V002.ma
